enabled	message_id	source	refs	mask_pgm	source_note	ko_text	font_size	line_height	pad	ink_max	threshold	bright_threshold	bold
0	1001	script-scan+manual	310:15:0xab7	F:/workspace-server/create-retro-game-kr-patch-main/tmp/SLPS-01903/dialogue-workflow/masks/message-mask-1001.pgm		아프다...	12	15	2	2	32	96	0
0	1002	manual-validated		F:/workspace-server/create-retro-game-kr-patch-main/tmp/SLPS-01903/dialogue-workflow/masks/message-mask-1002.pgm		뭐하는거야!!!	12	15	2	2	32	96	0
0	1003	manual-validated		F:/workspace-server/create-retro-game-kr-patch-main/tmp/SLPS-01903/dialogue-workflow/masks/message-mask-1003.pgm		아... 미안...	12	15	2	2	32	96	0
0	1004	script-scan+manual	310:11:0xa27	F:/workspace-server/create-retro-game-kr-patch-main/tmp/SLPS-01903/dialogue-workflow/masks/message-mask-1004.pgm		앗!?	12	15	2	2	32	96	0
0	1005	manual-validated		F:/workspace-server/create-retro-game-kr-patch-main/tmp/SLPS-01903/dialogue-workflow/masks/message-mask-1005.pgm		이야앗! 치한!!\n변태다!!	12	15	2	2	32	96	0
0	1006	manual-validated		F:/workspace-server/create-retro-game-kr-patch-main/tmp/SLPS-01903/dialogue-workflow/masks/message-mask-1006.pgm		갑자기... 이런...	12	15	2	2	32	96	0
0	1007	manual-validated		F:/workspace-server/create-retro-game-kr-patch-main/tmp/SLPS-01903/dialogue-workflow/masks/message-mask-1007.pgm		뭐야? 아직 어린애잖아.	12	15	2	2	32	96	0
0	1008	manual-validated		F:/workspace-server/create-retro-game-kr-patch-main/tmp/SLPS-01903/dialogue-workflow/masks/message-mask-1008.pgm		내가 너무 심했나?	12	15	2	2	32	96	0
0	1009	manual-validated		F:/workspace-server/create-retro-game-kr-patch-main/tmp/SLPS-01903/dialogue-workflow/masks/message-mask-1009.pgm		이 아이가 쓰는 건가...?	12	15	2	2	32	96	0
0	1010	manual-validated		F:/workspace-server/create-retro-game-kr-patch-main/tmp/SLPS-01903/dialogue-workflow/masks/message-mask-1010.pgm		죄송해요 마스터. 초면인데,\n느닷없이 폐를 끼쳐서...	12	15	2	2	32	96	0
0	1011	manual-validated		F:/workspace-server/create-retro-game-kr-patch-main/tmp/SLPS-01903/dialogue-workflow/masks/message-mask-1011.pgm		뭐, 귀여운 꼬마숙녀의\n부탁이라면 거절할 수 없지.	12	15	2	2	32	96	0
0	1012	manual-validated		F:/workspace-server/create-retro-game-kr-patch-main/tmp/SLPS-01903/dialogue-workflow/masks/message-mask-1012.pgm		그럼, 잠깐만 부탁해요.	12	15	2	2	32	96	0
0	1013	manual-validated		F:/workspace-server/create-retro-game-kr-patch-main/tmp/SLPS-01903/dialogue-workflow/masks/message-mask-1013.pgm		아! 아! 그런데 이곳에는\n무슨 일로?	12	15	2	2	32	96	0
0	1014	manual-validated		F:/workspace-server/create-retro-game-kr-patch-main/tmp/SLPS-01903/dialogue-workflow/masks/message-mask-1014.pgm		새로운 일을 찾아서요!	12	15	2	2	32	96	0
0	1015	manual-validated		F:/workspace-server/create-retro-game-kr-patch-main/tmp/SLPS-01903/dialogue-workflow/masks/message-mask-1015.pgm		그래? 모험가군.	12	15	2	2	32	96	0
0	1016	manual-validated		F:/workspace-server/create-retro-game-kr-patch-main/tmp/SLPS-01903/dialogue-workflow/masks/message-mask-1016.pgm		우선은, 모험가 길드로\n가서 등록해야 해.	12	15	2	2	32	96	0
0	1017	manual-validated		F:/workspace-server/create-retro-game-kr-patch-main/tmp/SLPS-01903/dialogue-workflow/masks/message-mask-1017.pgm		가고 싶은곳을 선택하면,\n마을 안을 이동할수 있어.	12	15	2	2	32	96	0
0	1018	manual-validated		F:/workspace-server/create-retro-game-kr-patch-main/tmp/SLPS-01903/dialogue-workflow/masks/message-mask-1018.pgm		바향키의 좌우 또는 L1,\nR1 버튼으로 선택해서\nO버튼으로 결정하면돼.	12	15	2	2	32	96	0
0	1019	manual-validated		F:/workspace-server/create-retro-game-kr-patch-main/tmp/SLPS-01903/dialogue-workflow/masks/message-mask-1019.pgm		응? 벌써 일이 정해진 거야?	12	15	2	2	32	96	0
0	1020	manual-validated		F:/workspace-server/create-retro-game-kr-patch-main/tmp/SLPS-01903/dialogue-workflow/masks/message-mask-1020.pgm		너 같은 꼬마 숙녀가?\n돌아가렴.	12	15	2	2	32	96	0
0	1021	manual-validated		F:/workspace-server/create-retro-game-kr-patch-main/tmp/SLPS-01903/dialogue-workflow/masks/message-mask-1021.pgm		왜, 나 같은 사람은 오면\n안되나요?	12	15	2	2	32	96	0
0	1022	manual-validated		F:/workspace-server/create-retro-game-kr-patch-main/tmp/SLPS-01903/dialogue-workflow/masks/message-mask-1022.pgm		당연하지. 어린 소녀 혼자서\n뭘 할 수 있다고 하는 거야? 응?	12	15	2	2	32	96	0
0	1023	manual-validated		F:/workspace-server/create-retro-game-kr-patch-main/tmp/SLPS-01903/dialogue-workflow/masks/message-mask-1023.pgm		무례하군요! 이래뵈도\n8년의 경력이 있어요?	12	15	2	2	32	96	0
0	1024	manual-validated		F:/workspace-server/create-retro-game-kr-patch-main/tmp/SLPS-01903/dialogue-workflow/masks/message-mask-1024.pgm		못 알아 듣겠어? 네가 아무리 굉장한 \n솜씨라고 해도, 마법사 한명으로는	12	15	2	2	32	96	0
0	1025	manual-validated		F:/workspace-server/create-retro-game-kr-patch-main/tmp/SLPS-01903/dialogue-workflow/masks/message-mask-1025.pgm		실전에 도움이 안될꺼라고.	12	15	2	2	32	96	0
0	1026	manual-validated		F:/workspace-server/create-retro-game-kr-patch-main/tmp/SLPS-01903/dialogue-workflow/masks/message-mask-1026.pgm		으... 그건...	12	15	2	2	32	96	0
0	1027	manual-validated		F:/workspace-server/create-retro-game-kr-patch-main/tmp/SLPS-01903/dialogue-workflow/masks/message-mask-1027.pgm		마법사는, 방패가 되어 싸울 전사가\n있어야 비로서 그 힘을 발휘 할 수\n있는거야.	12	15	2	2	32	96	0
0	1028	manual-validated		F:/workspace-server/create-retro-game-kr-patch-main/tmp/SLPS-01903/dialogue-workflow/masks/message-mask-1028.pgm		너 하나쯤이야,\n주문을 외우는 사이 한칼에 쓱~	12	15	2	2	32	96	0
0	1029	manual-validated		F:/workspace-server/create-retro-game-kr-patch-main/tmp/SLPS-01903/dialogue-workflow/masks/message-mask-1029.pgm		우~~~~	12	15	2	2	32	96	0
0	1030	manual-validated		F:/workspace-server/create-retro-game-kr-patch-main/tmp/SLPS-01903/dialogue-workflow/masks/message-mask-1030.pgm		얼마나 더 싫은 말을 해야\n돌아가겠니?	12	15	2	2	32	96	0
0	1031	manual-validated		F:/workspace-server/create-retro-game-kr-patch-main/tmp/SLPS-01903/dialogue-workflow/masks/message-mask-1031.pgm		그래! 카페, 웨이트레스 아르바이트\n라면 소개시켜 주지.	12	15	2	2	32	96	0
0	1032	manual-validated		F:/workspace-server/create-retro-game-kr-patch-main/tmp/SLPS-01903/dialogue-workflow/masks/message-mask-1032.pgm		흥! 황송한 배려시군요!!\n훗!!	12	15	2	2	32	96	0
0	1033	manual-validated		F:/workspace-server/create-retro-game-kr-patch-main/tmp/SLPS-01903/dialogue-workflow/masks/message-mask-1033.pgm		무... 무서운 아이군.	12	15	2	2	32	96	0
0	1034	manual-validated		F:/workspace-server/create-retro-game-kr-patch-main/tmp/SLPS-01903/dialogue-workflow/masks/message-mask-1034.pgm		뭐 뭐야 뭐! 어린애라고\n바보취급을 하다니!!	12	15	2	2	32	96	0
0	1035	manual-validated		F:/workspace-server/create-retro-game-kr-patch-main/tmp/SLPS-01903/dialogue-workflow/masks/message-mask-1035.pgm		나! 정말 화났어!	12	15	2	2	32	96	0
0	1036	manual-validated		F:/workspace-server/create-retro-game-kr-patch-main/tmp/SLPS-01903/dialogue-workflow/masks/message-mask-1036.pgm		나쁜 놈!! 내 가게에서 먹고\n도망치려 하다니,\n대단한 배짱이군!	12	15	2	2	32	96	0
0	1037	manual-validated		F:/workspace-server/create-retro-game-kr-patch-main/tmp/SLPS-01903/dialogue-workflow/masks/message-mask-1037.pgm		그러니까! 지갑을 잃어\n버렸다고 말했잖아요!?	12	15	2	2	32	96	0
0	1038	manual-validated		F:/workspace-server/create-retro-game-kr-patch-main/tmp/SLPS-01903/dialogue-workflow/masks/message-mask-1038.pgm		저, 저 사람은...?	12	15	2	2	32	96	0
0	1039	manual-validated		F:/workspace-server/create-retro-game-kr-patch-main/tmp/SLPS-01903/dialogue-workflow/masks/message-mask-1039.pgm		그런 거짓말, \n나에게는 통하지 않아!	12	15	2	2	32	96	0
0	1040	manual-validated		F:/workspace-server/create-retro-game-kr-patch-main/tmp/SLPS-01903/dialogue-workflow/masks/message-mask-1040.pgm		처음부터 돈이 없었지?\n솔직히 말해봐!	12	15	2	2	32	96	0
0	1041	manual-validated		F:/workspace-server/create-retro-game-kr-patch-main/tmp/SLPS-01903/dialogue-workflow/masks/message-mask-1041.pgm		바보같은 소리 하지 말아요. 난 \n당신 가게를 통째로 사버릴 \n만큼의 돈이 있다고요.	12	15	2	2	32	96	0
0	1042	manual-validated		F:/workspace-server/create-retro-game-kr-patch-main/tmp/SLPS-01903/dialogue-workflow/masks/message-mask-1042.pgm		오! 대단해! \n그렇게 부자라면,	12	15	2	2	32	96	0
0	1043	manual-validated		F:/workspace-server/create-retro-game-kr-patch-main/tmp/SLPS-01903/dialogue-workflow/masks/message-mask-1043.pgm		어디의 어떤 분이고,\n무슨 일을 하고 있는지\n말해 보시지!	12	15	2	2	32	96	0
0	1044	manual-validated		F:/workspace-server/create-retro-game-kr-patch-main/tmp/SLPS-01903/dialogue-workflow/masks/message-mask-1044.pgm		우, 아니... 그러니까, 나같이 \n멋진 남자는, 집안이나 직업은\n비밀로 하는 겁니다?	12	15	2	2	32	96	0
0	1045	manual-validated		F:/workspace-server/create-retro-game-kr-patch-main/tmp/SLPS-01903/dialogue-workflow/masks/message-mask-1045.pgm		당신이 하는 말, \n전혀 못 알아 듣겠군.\n	12	15	2	2	32	96	0
0	1046	manual-validated		F:/workspace-server/create-retro-game-kr-patch-main/tmp/SLPS-01903/dialogue-workflow/masks/message-mask-1046.pgm		이렇게 된 바에\n몸으로 라도 때워야지!	12	15	2	2	32	96	0
0	1047	manual-validated		F:/workspace-server/create-retro-game-kr-patch-main/tmp/SLPS-01903/dialogue-workflow/masks/message-mask-1047.pgm		안돼! 도와줘야겠다!	12	15	2	2	32	96	0
0	1048	manual-validated		F:/workspace-server/create-retro-game-kr-patch-main/tmp/SLPS-01903/dialogue-workflow/masks/message-mask-1048.pgm		아아.. 이만큼 말했는데도\n믿어주지 않다니...	12	15	2	2	32	96	0
0	1049	manual-validated		F:/workspace-server/create-retro-game-kr-patch-main/tmp/SLPS-01903/dialogue-workflow/masks/message-mask-1049.pgm		내 자신이 부덕한 탓인가?\n그렇다면 차라리 사라져\n버릴까?	12	15	2	2	32	96	0
0	1050	manual-validated		F:/workspace-server/create-retro-game-kr-patch-main/tmp/SLPS-01903/dialogue-workflow/masks/message-mask-1050.pgm		사라져 버리자. 꽃잎의 이슬처럼,\n새벽빛과 함께 사라지자.	12	15	2	2	32	96	0
0	1051	manual-validated		F:/workspace-server/create-retro-game-kr-patch-main/tmp/SLPS-01903/dialogue-workflow/masks/message-mask-1051.pgm		오, 마이 갓!?	12	15	2	2	32	96	0
0	1052	manual-validated		F:/workspace-server/create-retro-game-kr-patch-main/tmp/SLPS-01903/dialogue-workflow/masks/message-mask-1052.pgm		후우... 큰일날 뻔했다.	12	15	2	2	32	96	0
0	1053	manual-validated		F:/workspace-server/create-retro-game-kr-patch-main/tmp/SLPS-01903/dialogue-workflow/masks/message-mask-1053.pgm		아저씨	12	15	2	2	32	96	0
0	1054	manual-validated		F:/workspace-server/create-retro-game-kr-patch-main/tmp/SLPS-01903/dialogue-workflow/masks/message-mask-1054.pgm		나중에 누군가에 부탁해서\n돈은 가져가게 할 테니...	12	15	2	2	32	96	0
0	1055	manual-validated		F:/workspace-server/create-retro-game-kr-patch-main/tmp/SLPS-01903/dialogue-workflow/masks/message-mask-1055.pgm		아저씨	12	15	2	2	32	96	0
0	1056	manual-validated		F:/workspace-server/create-retro-game-kr-patch-main/tmp/SLPS-01903/dialogue-workflow/masks/message-mask-1056.pgm		.....	12	15	2	2	32	96	0
0	1057	manual-validated		F:/workspace-server/create-retro-game-kr-patch-main/tmp/SLPS-01903/dialogue-workflow/masks/message-mask-1057.pgm		아저씨!	12	15	2	2	32	96	0
0	1058	manual-validated		F:/workspace-server/create-retro-game-kr-patch-main/tmp/SLPS-01903/dialogue-workflow/masks/message-mask-1058.pgm		어? 아가씨. 나는 아직 아저씨라고\n불릴만한 나이가 아닌라는 걸\n잊지마.	12	15	2	2	32	96	0
0	1059	manual-validated		F:/workspace-server/create-retro-game-kr-patch-main/tmp/SLPS-01903/dialogue-workflow/masks/message-mask-1059.pgm		오빠라고 불러, 오빠라고	12	15	2	2	32	96	0
0	1060	manual-validated		F:/workspace-server/create-retro-game-kr-patch-main/tmp/SLPS-01903/dialogue-workflow/masks/message-mask-1060.pgm		그렇지만,\nT.T. 아저씨잖아요?	12	15	2	2	32	96	0
0	1061	manual-validated		F:/workspace-server/create-retro-game-kr-patch-main/tmp/SLPS-01903/dialogue-workflow/masks/message-mask-1061.pgm		...... 그러니까! 나는 아저씨가 \n아니라고 했잖아! 그런데.. 	12	15	2	2	32	96	0
0	1062	manual-validated		F:/workspace-server/create-retro-game-kr-patch-main/tmp/SLPS-01903/dialogue-workflow/masks/message-mask-1062.pgm		카린... 카린이니?	12	15	2	2	32	96	0
0	1063	manual-validated		F:/workspace-server/create-retro-game-kr-patch-main/tmp/SLPS-01903/dialogue-workflow/masks/message-mask-1063.pgm		역시 T.T. 아저씨였어!	12	15	2	2	32	96	0
0	1064	manual-validated		F:/workspace-server/create-retro-game-kr-patch-main/tmp/SLPS-01903/dialogue-workflow/masks/message-mask-1064.pgm		아니!! 이렇게 컸다니...\n몰라봤어.	12	15	2	2	32	96	0
0	1065	manual-validated		F:/workspace-server/create-retro-game-kr-patch-main/tmp/SLPS-01903/dialogue-workflow/masks/message-mask-1065.pgm		헤~ 헤~	12	15	2	2	32	96	0
0	1066	manual-validated		F:/workspace-server/create-retro-game-kr-patch-main/tmp/SLPS-01903/dialogue-workflow/masks/message-mask-1066.pgm		이런 곳에 서서 얘기하는 것도\n뭣하니 저쪽 카페에서 얘기하자.	12	15	2	2	32	96	0
0	1067	manual-validated		F:/workspace-server/create-retro-game-kr-patch-main/tmp/SLPS-01903/dialogue-workflow/masks/message-mask-1067.pgm		상당히 놀랐어. 오랜만에 \n만났는데, 이런 미인이 \n되어있을 줄이야...	12	15	2	2	32	96	0
0	1068	manual-validated		F:/workspace-server/create-retro-game-kr-patch-main/tmp/SLPS-01903/dialogue-workflow/masks/message-mask-1068.pgm		에헤헤, 고마워요. T.T. 아저씨는\n조금도 안 변했네요. 여전히 \n요술솜씨도 훌륭하고	12	15	2	2	32	96	0
0	1069	manual-validated		F:/workspace-server/create-retro-game-kr-patch-main/tmp/SLPS-01903/dialogue-workflow/masks/message-mask-1069.pgm		카린! 핸섬한 사람은\n나이를 먹지 않는 법이야	12	15	2	2	32	96	0
0	1070	manual-validated		F:/workspace-server/create-retro-game-kr-patch-main/tmp/SLPS-01903/dialogue-workflow/masks/message-mask-1070.pgm		그럼, 앞으로 10년정도 지나면,\n어떻게 되나요?	12	15	2	2	32	96	0
0	1071	manual-validated		F:/workspace-server/create-retro-game-kr-patch-main/tmp/SLPS-01903/dialogue-workflow/masks/message-mask-1071.pgm		나이스 가이에서 나이스 미들로.\n변신하는 거지. 아직까지는\n나이스 가이야.	12	15	2	2	32	96	0
0	1072	manual-validated		F:/workspace-server/create-retro-game-kr-patch-main/tmp/SLPS-01903/dialogue-workflow/masks/message-mask-1072.pgm		그러니까 아저씨라고 부르는건\n그만둬 줘.	12	15	2	2	32	96	0
0	1073	manual-validated		F:/workspace-server/create-retro-game-kr-patch-main/tmp/SLPS-01903/dialogue-workflow/masks/message-mask-1073.pgm		그, 그래요?	12	15	2	2	32	96	0
0	1074	manual-validated		F:/workspace-server/create-retro-game-kr-patch-main/tmp/SLPS-01903/dialogue-workflow/masks/message-mask-1074.pgm		어서오세요.	12	15	2	2	32	96	0
0	1075	manual-validated		F:/workspace-server/create-retro-game-kr-patch-main/tmp/SLPS-01903/dialogue-workflow/masks/message-mask-1075.pgm		전 로얄 밀크 티-	12	15	2	2	32	96	0
0	1076	manual-validated		F:/workspace-server/create-retro-game-kr-patch-main/tmp/SLPS-01903/dialogue-workflow/masks/message-mask-1076.pgm		난 슈퍼 빅 메가톤 자이언트\n딸기 파르페.	12	15	2	2	32	96	0
0	1077	manual-validated		F:/workspace-server/create-retro-game-kr-patch-main/tmp/SLPS-01903/dialogue-workflow/masks/message-mask-1077.pgm		여기는 내가 낼테니, 먹고 싶은거\n있으면 더 시켜도 좋아.	12	15	2	2	32	96	0
0	1078	manual-validated		F:/workspace-server/create-retro-game-kr-patch-main/tmp/SLPS-01903/dialogue-workflow/masks/message-mask-1078.pgm		지갑 잃어버렸다고 하지 않았나요?	12	15	2	2	32	96	0
0	1079	manual-validated		F:/workspace-server/create-retro-game-kr-patch-main/tmp/SLPS-01903/dialogue-workflow/masks/message-mask-1079.pgm		... 내가 사죠. 뭐.	12	15	2	2	32	96	0
0	1080	manual-validated		F:/workspace-server/create-retro-game-kr-patch-main/tmp/SLPS-01903/dialogue-workflow/masks/message-mask-1080.pgm		미안...	12	15	2	2	32	96	0
0	1081	manual-validated		F:/workspace-server/create-retro-game-kr-patch-main/tmp/SLPS-01903/dialogue-workflow/masks/message-mask-1081.pgm		그래... 브라이언 아저씨도\n돌아가셨단 말이지.	12	15	2	2	32	96	0
0	1082	manual-validated		F:/workspace-server/create-retro-game-kr-patch-main/tmp/SLPS-01903/dialogue-workflow/masks/message-mask-1082.pgm		네... 그래서 섬을 나오려고 생각\n했어요. 전부터 대륙을 동경해\n왔으니까...	12	15	2	2	32	96	0
0	1083	manual-validated		F:/workspace-server/create-retro-game-kr-patch-main/tmp/SLPS-01903/dialogue-workflow/masks/message-mask-1083.pgm		여기는 좋은 마을이야.\n8년간 살고 있는 내가\n보증하지.	12	15	2	2	32	96	0
0	1084	manual-validated		F:/workspace-server/create-retro-game-kr-patch-main/tmp/SLPS-01903/dialogue-workflow/masks/message-mask-1084.pgm		그런 것 같아요.	12	15	2	2	32	96	0
0	1085	manual-validated		F:/workspace-server/create-retro-game-kr-patch-main/tmp/SLPS-01903/dialogue-workflow/masks/message-mask-1085.pgm		그런데 표정이 \n어두운 것 같은데?	12	15	2	2	32	96	0
0	1086	manual-validated		F:/workspace-server/create-retro-game-kr-patch-main/tmp/SLPS-01903/dialogue-workflow/masks/message-mask-1086.pgm		응... 실은...	12	15	2	2	32	96	0
0	1087	manual-validated		F:/workspace-server/create-retro-game-kr-patch-main/tmp/SLPS-01903/dialogue-workflow/masks/message-mask-1087.pgm		과연... 시무룩할 만 하군.\n하지만, 길드의 주장도 맞아.	12	15	2	2	32	96	0
0	1088	manual-validated		F:/workspace-server/create-retro-game-kr-patch-main/tmp/SLPS-01903/dialogue-workflow/masks/message-mask-1088.pgm		그렇다고 그런 말을...	12	15	2	2	32	96	0
0	1089	manual-validated		F:/workspace-server/create-retro-game-kr-patch-main/tmp/SLPS-01903/dialogue-workflow/masks/message-mask-1089.pgm		카린의 솜씨는 나도 잘 \n알고 있어. 그렇지만 전투라면\n역시 전사가 한 사람쯤 필요해.\n	12	15	2	2	32	96	0
0	1090	manual-validated		F:/workspace-server/create-retro-game-kr-patch-main/tmp/SLPS-01903/dialogue-workflow/masks/message-mask-1090.pgm		한 팀이 되어줄 만한 사람 없어?	12	15	2	2	32	96	0
0	1091	manual-validated		F:/workspace-server/create-retro-game-kr-patch-main/tmp/SLPS-01903/dialogue-workflow/masks/message-mask-1091.pgm		미안! 급한 일이 생겨서\n먼저 갈께요.	12	15	2	2	32	96	0
0	1092	manual-validated		F:/workspace-server/create-retro-game-kr-patch-main/tmp/SLPS-01903/dialogue-workflow/masks/message-mask-1092.pgm		응, 그래 조심해라.	12	15	2	2	32	96	0
0	1093	manual-validated		F:/workspace-server/create-retro-game-kr-patch-main/tmp/SLPS-01903/dialogue-workflow/masks/message-mask-1093.pgm		고마워요! T.T. 아저씨.	12	15	2	2	32	96	0
0	1094	manual-validated		F:/workspace-server/create-retro-game-kr-patch-main/tmp/SLPS-01903/dialogue-workflow/masks/message-mask-1094.pgm		그건 그렇고, 나도 슬슬\n준비해 둬야겠군.	12	15	2	2	32	96	0
0	1095	manual-validated		F:/workspace-server/create-retro-game-kr-patch-main/tmp/SLPS-01903/dialogue-workflow/masks/message-mask-1095.pgm		손님, 계산해 주십시오.	12	15	2	2	32	96	0
0	1096	manual-validated		F:/workspace-server/create-retro-game-kr-patch-main/tmp/SLPS-01903/dialogue-workflow/masks/message-mask-1096.pgm		접시 닦기로 대신하면\n안 될까요?	12	15	2	2	32	96	0
0	1097	manual-validated		F:/workspace-server/create-retro-game-kr-patch-main/tmp/SLPS-01903/dialogue-workflow/masks/message-mask-1097.pgm		아가씨! 남자 친구가 깨어났어.	12	15	2	2	32	96	0
0	1098	manual-validated		F:/workspace-server/create-retro-game-kr-patch-main/tmp/SLPS-01903/dialogue-workflow/masks/message-mask-1098.pgm		남자 친구가 아니라니까요!	12	15	2	2	32	96	0
0	1099	manual-validated		F:/workspace-server/create-retro-game-kr-patch-main/tmp/SLPS-01903/dialogue-workflow/masks/message-mask-1099.pgm		아... 도대체 여긴...	12	15	2	2	32	96	0
0	1100	manual-validated		F:/workspace-server/create-retro-game-kr-patch-main/tmp/SLPS-01903/dialogue-workflow/masks/message-mask-1100.pgm		괜찮아? 미안해.\n좀 난폭했지?	12	15	2	2	32	96	0
0	1101	manual-validated		F:/workspace-server/create-retro-game-kr-patch-main/tmp/SLPS-01903/dialogue-workflow/masks/message-mask-1101.pgm		아니... 나야말로 미안	12	15	2	2	32	96	0
0	1102	manual-validated		F:/workspace-server/create-retro-game-kr-patch-main/tmp/SLPS-01903/dialogue-workflow/masks/message-mask-1102.pgm		헤헤~ 네 이름은 뭐야? 나는\n카린. 엔트리히라는 섬에서\n왔어.	12	15	2	2	32	96	0
0	1103	script-scan+manual	320:2:0x36f	F:/workspace-server/create-retro-game-kr-patch-main/tmp/SLPS-01903/dialogue-workflow/masks/message-mask-1103.pgm		나는... 알.	12	15	2	2	32	96	0
0	1104	script-scan+manual	320:3:0x438	F:/workspace-server/create-retro-game-kr-patch-main/tmp/SLPS-01903/dialogue-workflow/masks/message-mask-1104.pgm		알... 잘 부탁해. 그런데,\n어디에서 왔어?	12	15	2	2	32	96	0
0	1105	script-scan+manual	320:4:0x55d	F:/workspace-server/create-retro-game-kr-patch-main/tmp/SLPS-01903/dialogue-workflow/masks/message-mask-1105.pgm		몰라.	12	15	2	2	32	96	0
0	1106	script-scan+manual	320:7:0x659	F:/workspace-server/create-retro-game-kr-patch-main/tmp/SLPS-01903/dialogue-workflow/masks/message-mask-1106.pgm		뭐?	12	15	2	2	32	96	0
0	1107	manual-validated		F:/workspace-server/create-retro-game-kr-patch-main/tmp/SLPS-01903/dialogue-workflow/masks/message-mask-1107.pgm		너무 옛날 일이라, 기억나지 않아.\n기억 나는건, 혼자서 여행하고\n있다는 거야.	12	15	2	2	32	96	0
0	1108	manual-validated		F:/workspace-server/create-retro-game-kr-patch-main/tmp/SLPS-01903/dialogue-workflow/masks/message-mask-1108.pgm		옛날부터, 그렇게 해온 것\n같은 기분이 들어. 그리고, \n항구에서 너를 찾았던 거야.	12	15	2	2	32	96	0
0	1109	manual-validated		F:/workspace-server/create-retro-game-kr-patch-main/tmp/SLPS-01903/dialogue-workflow/masks/message-mask-1109.pgm		어째서 나를?	12	15	2	2	32	96	0
0	1110	manual-validated		F:/workspace-server/create-retro-game-kr-patch-main/tmp/SLPS-01903/dialogue-workflow/masks/message-mask-1110.pgm		어디선가 만났던 것 같은\n기분이 들어. 뭔가 아주 \n그리운 듯한.	12	15	2	2	32	96	0
0	1111	manual-validated		F:/workspace-server/create-retro-game-kr-patch-main/tmp/SLPS-01903/dialogue-workflow/masks/message-mask-1111.pgm		그러니까, 나에 대한 것을\n뭔가 알고 있지 않을까...\n생각했지.	12	15	2	2	32	96	0
0	1112	manual-validated		F:/workspace-server/create-retro-game-kr-patch-main/tmp/SLPS-01903/dialogue-workflow/masks/message-mask-1112.pgm		그랬었군. 그렇지만,\n난 널 처음 보는데...	12	15	2	2	32	96	0
0	1113	manual-validated		F:/workspace-server/create-retro-game-kr-patch-main/tmp/SLPS-01903/dialogue-workflow/masks/message-mask-1113.pgm		그래... 그렇구나.	12	15	2	2	32	96	0
0	1114	manual-validated		F:/workspace-server/create-retro-game-kr-patch-main/tmp/SLPS-01903/dialogue-workflow/masks/message-mask-1114.pgm		미안해. 도움이 되어주지\n못해서.	12	15	2	2	32	96	0
0	1115	manual-validated		F:/workspace-server/create-retro-game-kr-patch-main/tmp/SLPS-01903/dialogue-workflow/masks/message-mask-1115.pgm		저, 있잖아...	12	15	2	2	32	96	0
0	1116	manual-validated		F:/workspace-server/create-retro-game-kr-patch-main/tmp/SLPS-01903/dialogue-workflow/masks/message-mask-1116.pgm		뭔데?	12	15	2	2	32	96	0
0	1117	manual-validated		F:/workspace-server/create-retro-game-kr-patch-main/tmp/SLPS-01903/dialogue-workflow/masks/message-mask-1117.pgm		이 검, 네거야?	12	15	2	2	32	96	0
0	1118	manual-validated		F:/workspace-server/create-retro-game-kr-patch-main/tmp/SLPS-01903/dialogue-workflow/masks/message-mask-1118.pgm		응?.. 으응	12	15	2	2	32	96	0
0	1119	manual-validated		F:/workspace-server/create-retro-game-kr-patch-main/tmp/SLPS-01903/dialogue-workflow/masks/message-mask-1119.pgm		너, 검사지?	12	15	2	2	32	96	0
0	1120	manual-validated		F:/workspace-server/create-retro-game-kr-patch-main/tmp/SLPS-01903/dialogue-workflow/masks/message-mask-1120.pgm		그다지 이런 것은 좋아하지\n않지만... 여행을 하려면 그렇게 \n보이지 않으면 안되거든.	12	15	2	2	32	96	0
0	1121	manual-validated		F:/workspace-server/create-retro-game-kr-patch-main/tmp/SLPS-01903/dialogue-workflow/masks/message-mask-1121.pgm		혹시 뚜렷이 가야할 곳이\n없다면, 나와 팀이 되어주지\n않을래?	12	15	2	2	32	96	0
0	1122	manual-validated		F:/workspace-server/create-retro-game-kr-patch-main/tmp/SLPS-01903/dialogue-workflow/masks/message-mask-1122.pgm		너와?	12	15	2	2	32	96	0
0	1123	manual-validated		F:/workspace-server/create-retro-game-kr-patch-main/tmp/SLPS-01903/dialogue-workflow/masks/message-mask-1123.pgm		응, 이래뵈도, 나 마법사거든!	12	15	2	2	32	96	0
0	1124	manual-validated		F:/workspace-server/create-retro-game-kr-patch-main/tmp/SLPS-01903/dialogue-workflow/masks/message-mask-1124.pgm		으음... 좋아	12	15	2	2	32	96	0
0	1125	manual-validated		F:/workspace-server/create-retro-game-kr-patch-main/tmp/SLPS-01903/dialogue-workflow/masks/message-mask-1125.pgm		됐다! 이것으로 너를\n다시 보게됐어.	12	15	2	2	32	96	0
0	1126	manual-validated		F:/workspace-server/create-retro-game-kr-patch-main/tmp/SLPS-01903/dialogue-workflow/masks/message-mask-1126.pgm		응? 무슨 말이야?\n(설마 변태?)	12	15	2	2	32	96	0
0	1127	manual-validated		F:/workspace-server/create-retro-game-kr-patch-main/tmp/SLPS-01903/dialogue-workflow/masks/message-mask-1127.pgm		아무것도 아니야. \n음, 벌써 일어서려고?	12	15	2	2	32	96	0
0	1128	manual-validated		F:/workspace-server/create-retro-game-kr-patch-main/tmp/SLPS-01903/dialogue-workflow/masks/message-mask-1128.pgm		응...	12	15	2	2	32	96	0
0	1129	manual-validated		F:/workspace-server/create-retro-game-kr-patch-main/tmp/SLPS-01903/dialogue-workflow/masks/message-mask-1129.pgm		자, 서둘러서 미안하지만,\n준비하고 있어.\n밖에서 기다릴 테니까.	12	15	2	2	32	96	0
0	1130	manual-validated		F:/workspace-server/create-retro-game-kr-patch-main/tmp/SLPS-01903/dialogue-workflow/masks/message-mask-1130.pgm		어! 어...	12	15	2	2	32	96	0
0	1131	manual-validated		F:/workspace-server/create-retro-game-kr-patch-main/tmp/SLPS-01903/dialogue-workflow/masks/message-mask-1131.pgm		어...\n어디로 가는 거야?	12	15	2	2	32	96	0
0	1132	manual-validated		F:/workspace-server/create-retro-game-kr-patch-main/tmp/SLPS-01903/dialogue-workflow/masks/message-mask-1132.pgm		빨리~ 빨리~	12	15	2	2	32	96	0
0	1133	manual-validated		F:/workspace-server/create-retro-game-kr-patch-main/tmp/SLPS-01903/dialogue-workflow/masks/message-mask-1133.pgm		어이~ 또 왔군.	12	15	2	2	32	96	0
0	1134	manual-validated		F:/workspace-server/create-retro-game-kr-patch-main/tmp/SLPS-01903/dialogue-workflow/masks/message-mask-1134.pgm		당연하지! 이번에는 훌륭한\n검사도 함께 왔어요!	12	15	2	2	32	96	0
0	1135	manual-validated		F:/workspace-server/create-retro-game-kr-patch-main/tmp/SLPS-01903/dialogue-workflow/masks/message-mask-1135.pgm		... 약해 보이는데?	12	15	2	2	32	96	0
0	1136	manual-validated		F:/workspace-server/create-retro-game-kr-patch-main/tmp/SLPS-01903/dialogue-workflow/masks/message-mask-1136.pgm		미안합니다...	12	15	2	2	32	96	0
0	1137	manual-validated		F:/workspace-server/create-retro-game-kr-patch-main/tmp/SLPS-01903/dialogue-workflow/masks/message-mask-1137.pgm		아마추어인가요? 프로라면...\n겉만 보고 판단하지는 않을텐데?	12	15	2	2	32	96	0
0	1138	manual-validated		F:/workspace-server/create-retro-game-kr-patch-main/tmp/SLPS-01903/dialogue-workflow/masks/message-mask-1138.pgm		미, 미안해.	12	15	2	2	32	96	0
0	1139	manual-validated		F:/workspace-server/create-retro-game-kr-patch-main/tmp/SLPS-01903/dialogue-workflow/masks/message-mask-1139.pgm		어쨌든, 그런 통찰력 없는 눈으로\n판단하지 말아 줘!	12	15	2	2	32	96	0
0	1140	manual-validated		F:/workspace-server/create-retro-game-kr-patch-main/tmp/SLPS-01903/dialogue-workflow/masks/message-mask-1140.pgm		오호~ 좋아! 거기까지 말했으니,\n증명해 줄 수 있겠지?	12	15	2	2	32	96	0
0	1141	manual-validated		F:/workspace-server/create-retro-game-kr-patch-main/tmp/SLPS-01903/dialogue-workflow/masks/message-mask-1141.pgm		예? 어떤 증명을 하라는 거예요?	12	15	2	2	32	96	0
0	1142	manual-validated		F:/workspace-server/create-retro-game-kr-patch-main/tmp/SLPS-01903/dialogue-workflow/masks/message-mask-1142.pgm		걱정하지마. 테스트 좀 하려는 것\n뿐이니까. 일을 한가지 줄테니,\n멋지게 처리해서 실력을 보여줘.	12	15	2	2	32	96	0
0	1143	manual-validated		F:/workspace-server/create-retro-game-kr-patch-main/tmp/SLPS-01903/dialogue-workflow/masks/message-mask-1143.pgm		그러면 인정해 줄 테니.	12	15	2	2	32	96	0
0	1144	manual-validated		F:/workspace-server/create-retro-game-kr-patch-main/tmp/SLPS-01903/dialogue-workflow/masks/message-mask-1144.pgm		... 좋아. 그런데, 뭘 하면 좋지?	12	15	2	2	32	96	0
0	1145	manual-validated		F:/workspace-server/create-retro-game-kr-patch-main/tmp/SLPS-01903/dialogue-workflow/masks/message-mask-1145.pgm		최근, 마을도로 부근에서 슬라임이\n대량 발생했어.	12	15	2	2	32	96	0
0	1146	manual-validated		F:/workspace-server/create-retro-game-kr-patch-main/tmp/SLPS-01903/dialogue-workflow/masks/message-mask-1146.pgm		모험가에게는 상대도 않되는 \n몬스터지만, 상인들에게는 \n그것도 골칫거리야.	12	15	2	2	32	96	0
0	1147	manual-validated		F:/workspace-server/create-retro-game-kr-patch-main/tmp/SLPS-01903/dialogue-workflow/masks/message-mask-1147.pgm		거기에 가서 처리 좀 해줬으면\n좋겠어. 받아 들이겠어?	12	15	2	2	32	96	0
0	1148	manual-validated		F:/workspace-server/create-retro-game-kr-patch-main/tmp/SLPS-01903/dialogue-workflow/masks/message-mask-1148.pgm		너무 쉬운 것 같기도 하지만,\n좋아.	12	15	2	2	32	96	0
0	1149	manual-validated		F:/workspace-server/create-retro-game-kr-patch-main/tmp/SLPS-01903/dialogue-workflow/masks/message-mask-1149.pgm		아무리 그래도, 좀 심하지 \n않아요?!? 바보취급 하는 것도\n정도껏이지!!!\n	12	15	2	2	32	96	0
0	1150	manual-validated		F:/workspace-server/create-retro-game-kr-patch-main/tmp/SLPS-01903/dialogue-workflow/masks/message-mask-1150.pgm		어떤 내용의 일이라도 마을 \n사람들을 위한 훌륭한 일이야.\n싫으면, 다른 직업을 찾아봐.	12	15	2	2	32	96	0
0	1151	manual-validated		F:/workspace-server/create-retro-game-kr-patch-main/tmp/SLPS-01903/dialogue-workflow/masks/message-mask-1151.pgm		우... 와, 알았어. 알았다고!!	12	15	2	2	32	96	0
0	1152	manual-validated		F:/workspace-server/create-retro-game-kr-patch-main/tmp/SLPS-01903/dialogue-workflow/masks/message-mask-1152.pgm		위험도 적고, 처음 하는 일\n치고는 안성 맞춤이지? 자! \n서둘러 작업에 들어가	12	15	2	2	32	96	0
0	1153	manual-validated		F:/workspace-server/create-retro-game-kr-patch-main/tmp/SLPS-01903/dialogue-workflow/masks/message-mask-1153.pgm		뭐야? 아직도 일이 안 끝난거야?	12	15	2	2	32	96	0
0	1154	manual-validated		F:/workspace-server/create-retro-game-kr-patch-main/tmp/SLPS-01903/dialogue-workflow/masks/message-mask-1154.pgm		저... 어디로 가면 되죠?	12	15	2	2	32	96	0
0	1155	manual-validated		F:/workspace-server/create-retro-game-kr-patch-main/tmp/SLPS-01903/dialogue-workflow/masks/message-mask-1155.pgm		마을에서 나가야 돼.\n빨리 일처리를 해야지!	12	15	2	2	32	96	0
0	1156	manual-validated		F:/workspace-server/create-retro-game-kr-patch-main/tmp/SLPS-01903/dialogue-workflow/masks/message-mask-1156.pgm		이 슬라임들을 전부 퇴치하면\n되는 거군.	12	15	2	2	32	96	0
0	1157	manual-validated		F:/workspace-server/create-retro-game-kr-patch-main/tmp/SLPS-01903/dialogue-workflow/masks/message-mask-1157.pgm		보나마나 완승이지. 뭐...	12	15	2	2	32	96	0
0	1158	manual-validated		F:/workspace-server/create-retro-game-kr-patch-main/tmp/SLPS-01903/dialogue-workflow/masks/message-mask-1158.pgm		예상대로 완승했군.\n그렇지만, 너도 꽤 잘하는데	12	15	2	2	32	96	0
0	1159	manual-validated		F:/workspace-server/create-retro-game-kr-patch-main/tmp/SLPS-01903/dialogue-workflow/masks/message-mask-1159.pgm		그래? 고마워.	12	15	2	2	32	96	0
0	1160	manual-validated		F:/workspace-server/create-retro-game-kr-patch-main/tmp/SLPS-01903/dialogue-workflow/masks/message-mask-1160.pgm		자, 돌아갈까?	12	15	2	2	32	96	0
0	1161	manual-validated		F:/workspace-server/create-retro-game-kr-patch-main/tmp/SLPS-01903/dialogue-workflow/masks/message-mask-1161.pgm		앗!?	12	15	2	2	32	96	0
0	1162	manual-validated		F:/workspace-server/create-retro-game-kr-patch-main/tmp/SLPS-01903/dialogue-workflow/masks/message-mask-1162.pgm		이런 곳에 왠 히드라가!?	12	15	2	2	32	96	0
0	1163	manual-validated		F:/workspace-server/create-retro-game-kr-patch-main/tmp/SLPS-01903/dialogue-workflow/masks/message-mask-1163.pgm		카린! 비켜!	12	15	2	2	32	96	0
0	1164	manual-validated		F:/workspace-server/create-retro-game-kr-patch-main/tmp/SLPS-01903/dialogue-workflow/masks/message-mask-1164.pgm		알! 위험해!	12	15	2	2	32	96	0
0	1165	manual-validated		F:/workspace-server/create-retro-game-kr-patch-main/tmp/SLPS-01903/dialogue-workflow/masks/message-mask-1165.pgm		알!	12	15	2	2	32	96	0
0	1166	manual-validated		F:/workspace-server/create-retro-game-kr-patch-main/tmp/SLPS-01903/dialogue-workflow/masks/message-mask-1166.pgm		카린... 도망쳐!	12	15	2	2	32	96	0
0	1167	manual-validated		F:/workspace-server/create-retro-game-kr-patch-main/tmp/SLPS-01903/dialogue-workflow/masks/message-mask-1167.pgm		안돼! 너를 두고, 나 혼자만\n도망칠 수는 없어!	12	15	2	2	32	96	0
0	1168	manual-validated		F:/workspace-server/create-retro-game-kr-patch-main/tmp/SLPS-01903/dialogue-workflow/masks/message-mask-1168.pgm		카린!	12	15	2	2	32	96	0
0	1169	manual-validated		F:/workspace-server/create-retro-game-kr-patch-main/tmp/SLPS-01903/dialogue-workflow/masks/message-mask-1169.pgm		알, 괜찮아?	12	15	2	2	32	96	0
0	1170	manual-validated		F:/workspace-server/create-retro-game-kr-patch-main/tmp/SLPS-01903/dialogue-workflow/masks/message-mask-1170.pgm		으, 으응... 괜찮아.	12	15	2	2	32	96	0
0	1171	manual-validated		F:/workspace-server/create-retro-game-kr-patch-main/tmp/SLPS-01903/dialogue-workflow/masks/message-mask-1171.pgm		......	12	15	2	2	32	96	0
0	1172	manual-validated		F:/workspace-server/create-retro-game-kr-patch-main/tmp/SLPS-01903/dialogue-workflow/masks/message-mask-1172.pgm		고, 고마워. 구해줘서...	12	15	2	2	32	96	0
0	1173	manual-validated		F:/workspace-server/create-retro-game-kr-patch-main/tmp/SLPS-01903/dialogue-workflow/masks/message-mask-1173.pgm		다른 사람이야.	12	15	2	2	32	96	0
0	1174	manual-validated		F:/workspace-server/create-retro-game-kr-patch-main/tmp/SLPS-01903/dialogue-workflow/masks/message-mask-1174.pgm		네? 뭐라고요?	12	15	2	2	32	96	0
0	1175	manual-validated		F:/workspace-server/create-retro-game-kr-patch-main/tmp/SLPS-01903/dialogue-workflow/masks/message-mask-1175.pgm		나는 미련을 못 버린다니까.	12	15	2	2	32	96	0
0	1176	manual-validated		F:/workspace-server/create-retro-game-kr-patch-main/tmp/SLPS-01903/dialogue-workflow/masks/message-mask-1176.pgm		지금 그 사람... 아는 사이?	12	15	2	2	32	96	0
0	1177	manual-validated		F:/workspace-server/create-retro-game-kr-patch-main/tmp/SLPS-01903/dialogue-workflow/masks/message-mask-1177.pgm		어? 누구지?	12	15	2	2	32	96	0
0	1178	manual-validated		F:/workspace-server/create-retro-game-kr-patch-main/tmp/SLPS-01903/dialogue-workflow/masks/message-mask-1178.pgm		왜 말 안했죠?!	12	15	2	2	32	96	0
0	1179	manual-validated		F:/workspace-server/create-retro-game-kr-patch-main/tmp/SLPS-01903/dialogue-workflow/masks/message-mask-1179.pgm		강한 몬스터가 있다고 말 한적\n없잖아요!?	12	15	2	2	32	96	0
0	1180	manual-validated		F:/workspace-server/create-retro-game-kr-patch-main/tmp/SLPS-01903/dialogue-workflow/masks/message-mask-1180.pgm		미안 미안. 뭐, 이쪽의 정보도\n완벽한 것은 아니니까.\n용서해 줘.	12	15	2	2	32	96	0
0	1181	manual-validated		F:/workspace-server/create-retro-game-kr-patch-main/tmp/SLPS-01903/dialogue-workflow/masks/message-mask-1181.pgm		어쨌든! 위험했던 만큼의\n보수는 줘야겠죠?	12	15	2	2	32	96	0
0	1182	manual-validated		F:/workspace-server/create-retro-game-kr-patch-main/tmp/SLPS-01903/dialogue-workflow/masks/message-mask-1182.pgm		실제로 쓰러뜨린 것은\n그 이름도 모르는 남자였다며?	12	15	2	2	32	96	0
0	1183	manual-validated		F:/workspace-server/create-retro-game-kr-patch-main/tmp/SLPS-01903/dialogue-workflow/masks/message-mask-1183.pgm		그래... 그건 뭐.	12	15	2	2	32	96	0
0	1184	manual-validated		F:/workspace-server/create-retro-game-kr-patch-main/tmp/SLPS-01903/dialogue-workflow/masks/message-mask-1184.pgm		그렇다면 보수는 그 사람에게 줘야지.\n발견하면 보수를 지불하고 싶으니\n길드에 들려달라고 전해줘.	12	15	2	2	32	96	0
0	1185	manual-validated		F:/workspace-server/create-retro-game-kr-patch-main/tmp/SLPS-01903/dialogue-workflow/masks/message-mask-1185.pgm		몰라요! 흥!	12	15	2	2	32	96	0
0	1186	manual-validated		F:/workspace-server/create-retro-game-kr-patch-main/tmp/SLPS-01903/dialogue-workflow/masks/message-mask-1186.pgm		하하하! 장난이야. \n내일 정식으로 등록할 테니,	12	15	2	2	32	96	0
0	1187	manual-validated		F:/workspace-server/create-retro-game-kr-patch-main/tmp/SLPS-01903/dialogue-workflow/masks/message-mask-1187.pgm		오늘은 받을 건 받고, \n천천히 쉬어.	12	15	2	2	32	96	0
0	1188	manual-validated		F:/workspace-server/create-retro-game-kr-patch-main/tmp/SLPS-01903/dialogue-workflow/masks/message-mask-1188.pgm		경험치는 수동 배분으로 설정하면,\n각 항목에 배분하는 양을\n변경할 수 있다.	12	15	2	2	32	96	0
0	1189	manual-validated		F:/workspace-server/create-retro-game-kr-patch-main/tmp/SLPS-01903/dialogue-workflow/masks/message-mask-1189.pgm		보통은 멤버가 균등하게\n성장하도록 배분되지.	12	15	2	2	32	96	0
0	1190	manual-validated		F:/workspace-server/create-retro-game-kr-patch-main/tmp/SLPS-01903/dialogue-workflow/masks/message-mask-1190.pgm		그럼, 내일 다시 오면 \n되는 거야?	12	15	2	2	32	96	0
0	1191	manual-validated		F:/workspace-server/create-retro-game-kr-patch-main/tmp/SLPS-01903/dialogue-workflow/masks/message-mask-1191.pgm		그렇지.	12	15	2	2	32	96	0
0	1192	manual-validated		F:/workspace-server/create-retro-game-kr-patch-main/tmp/SLPS-01903/dialogue-workflow/masks/message-mask-1192.pgm		고마워요. 그러면, 앞으로\n잘 부탁해요.	12	15	2	2	32	96	0
0	1193	manual-validated		F:/workspace-server/create-retro-game-kr-patch-main/tmp/SLPS-01903/dialogue-workflow/masks/message-mask-1193.pgm		그럼 잘 쉬어~	12	15	2	2	32	96	0
0	1194	manual-validated		F:/workspace-server/create-retro-game-kr-patch-main/tmp/SLPS-01903/dialogue-workflow/masks/message-mask-1194.pgm		수고했으니 오늘은 \n돌아가서 쉬라고...	12	15	2	2	32	96	0
0	1195	manual-validated		F:/workspace-server/create-retro-game-kr-patch-main/tmp/SLPS-01903/dialogue-workflow/masks/message-mask-1195.pgm		어떻게 내 이름을 알았지!?	12	15	2	2	32	96	0
0	1196	manual-validated		F:/workspace-server/create-retro-game-kr-patch-main/tmp/SLPS-01903/dialogue-workflow/masks/message-mask-1196.pgm		너도, 동의하는거야?!	12	15	2	2	32	96	0
0	2001	script-scan+manual	311:2:0x2d2	F:/workspace-server/create-retro-game-kr-patch-main/tmp/SLPS-01903/dialogue-workflow/masks/message-mask-2001.pgm		벌써 일어났어?\n오늘은 나와함께 어디 좀\n가줘야겠어.	12	15	2	2	32	96	0
0	2002	manual-validated		F:/workspace-server/create-retro-game-kr-patch-main/tmp/SLPS-01903/dialogue-workflow/masks/message-mask-2002.pgm		뭐죠?	12	15	2	2	32	96	0
0	2003	manual-validated		F:/workspace-server/create-retro-game-kr-patch-main/tmp/SLPS-01903/dialogue-workflow/masks/message-mask-2003.pgm		뭐, 면접시험 같은 거야.\n보통은 하지 않지만.	12	15	2	2	32	96	0
0	2004	script-scan+manual	311:3:0x338	F:/workspace-server/create-retro-game-kr-patch-main/tmp/SLPS-01903/dialogue-workflow/masks/message-mask-2004.pgm		아니! 어제 일로, \n아직 부족하다는 거야?	12	15	2	2	32	96	0
0	2005	manual-validated		F:/workspace-server/create-retro-game-kr-patch-main/tmp/SLPS-01903/dialogue-workflow/masks/message-mask-2005.pgm		네가 나를 화나게 했기 \n때문이야. 농담이고...\n사실은 네가 오면,	12	15	2	2	32	96	0
0	2006	manual-validated		F:/workspace-server/create-retro-game-kr-patch-main/tmp/SLPS-01903/dialogue-workflow/masks/message-mask-2006.pgm		연락해 달라는 부탁을\n받았어.	12	15	2	2	32	96	0
0	2007	script-scan+manual	311:7:0x5b6	F:/workspace-server/create-retro-game-kr-patch-main/tmp/SLPS-01903/dialogue-workflow/masks/message-mask-2007.pgm		무슨 일인데?	12	15	2	2	32	96	0
0	2008	script-scan+manual	311:8:0x5ed	F:/workspace-server/create-retro-game-kr-patch-main/tmp/SLPS-01903/dialogue-workflow/masks/message-mask-2008.pgm		나도 잘 몰라. 아무튼,\n우리 보스가 만나고 싶어\n하니까 와줘.	12	15	2	2	32	96	0
0	2009	script-scan+manual	311:9:0x619	F:/workspace-server/create-retro-game-kr-patch-main/tmp/SLPS-01903/dialogue-workflow/masks/message-mask-2009.pgm		알았어. 안내해줘요.	12	15	2	2	32	96	0
0	2010	manual-validated		F:/workspace-server/create-retro-game-kr-patch-main/tmp/SLPS-01903/dialogue-workflow/masks/message-mask-2010.pgm		좋아. 이쪽으로 와.	12	15	2	2	32	96	0
0	2011	manual-validated		F:/workspace-server/create-retro-game-kr-patch-main/tmp/SLPS-01903/dialogue-workflow/masks/message-mask-2011.pgm		T.T. 아저씨!?	12	15	2	2	32	96	0
0	2012	manual-validated		F:/workspace-server/create-retro-game-kr-patch-main/tmp/SLPS-01903/dialogue-workflow/masks/message-mask-2012.pgm		야, 다시 만났네!	12	15	2	2	32	96	0
0	2013	manual-validated		F:/workspace-server/create-retro-game-kr-patch-main/tmp/SLPS-01903/dialogue-workflow/masks/message-mask-2013.pgm		어째서 T.T. 아저씨가 \n여기에?	12	15	2	2	32	96	0
0	2014	manual-validated		F:/workspace-server/create-retro-game-kr-patch-main/tmp/SLPS-01903/dialogue-workflow/masks/message-mask-2014.pgm		맞춰봐.	12	15	2	2	32	96	0
0	2015	manual-validated		F:/workspace-server/create-retro-game-kr-patch-main/tmp/SLPS-01903/dialogue-workflow/masks/message-mask-2015.pgm		알았다!\nT.T. 아저씨도 일을 찾아\n왔지요?	12	15	2	2	32	96	0
0	2016	manual-validated		F:/workspace-server/create-retro-game-kr-patch-main/tmp/SLPS-01903/dialogue-workflow/masks/message-mask-2016.pgm		이봐! 아까부터 듣고 \n있었는데 말야, 보스한테 \n아저씨라고 하는건	12	15	2	2	32	96	0
0	2017	manual-validated		F:/workspace-server/create-retro-game-kr-patch-main/tmp/SLPS-01903/dialogue-workflow/masks/message-mask-2017.pgm		보스에게는 금지된 말인데!!\n그것도, 아저씨 아저씨라고\n몇 번이나.	12	15	2	2	32	96	0
0	2018	manual-validated		F:/workspace-server/create-retro-game-kr-patch-main/tmp/SLPS-01903/dialogue-workflow/masks/message-mask-2018.pgm		이 아가씨는 특별한\n사람이니 참견 말아.	12	15	2	2	32	96	0
0	2019	manual-validated		F:/workspace-server/create-retro-game-kr-patch-main/tmp/SLPS-01903/dialogue-workflow/masks/message-mask-2019.pgm		앗! 시, 실례했습니다!	12	15	2	2	32	96	0
0	2020	manual-validated		F:/workspace-server/create-retro-game-kr-patch-main/tmp/SLPS-01903/dialogue-workflow/masks/message-mask-2020.pgm		설마.. T.T. 아저씨가\n길드 마스터????	12	15	2	2	32	96	0
0	2021	manual-validated		F:/workspace-server/create-retro-game-kr-patch-main/tmp/SLPS-01903/dialogue-workflow/masks/message-mask-2021.pgm		옛 속담에도 재주 있는 매는 \n발톱을 감춘다고 말했지.\n이것은 비밀이야.	12	15	2	2	32	96	0
0	2022	manual-validated		F:/workspace-server/create-retro-game-kr-patch-main/tmp/SLPS-01903/dialogue-workflow/masks/message-mask-2022.pgm		그건 그렇지만... 어째서?\n어제는 음식값을 떼먹고\n달아났잖아요?	12	15	2	2	32	96	0
0	2023	manual-validated		F:/workspace-server/create-retro-game-kr-patch-main/tmp/SLPS-01903/dialogue-workflow/masks/message-mask-2023.pgm		영웅은, 이때다! 라고 생각될\n때만 정체를 나태내는 거야.	12	15	2	2	32	96	0
0	2024	manual-validated		F:/workspace-server/create-retro-game-kr-patch-main/tmp/SLPS-01903/dialogue-workflow/masks/message-mask-2024.pgm		그것이 진정한 영웅이지.	12	15	2	2	32	96	0
0	2025	manual-validated		F:/workspace-server/create-retro-game-kr-patch-main/tmp/SLPS-01903/dialogue-workflow/masks/message-mask-2025.pgm		아, 그래요.	12	15	2	2	32	96	0
0	2026	manual-validated		F:/workspace-server/create-retro-game-kr-patch-main/tmp/SLPS-01903/dialogue-workflow/masks/message-mask-2026.pgm		뭐, 그건 그렇고, 빨리\n활약해 줘야겠어.	12	15	2	2	32	96	0
0	2027	manual-validated		F:/workspace-server/create-retro-game-kr-patch-main/tmp/SLPS-01903/dialogue-workflow/masks/message-mask-2027.pgm		에헤헤...	12	15	2	2	32	96	0
0	2028	manual-validated		F:/workspace-server/create-retro-game-kr-patch-main/tmp/SLPS-01903/dialogue-workflow/masks/message-mask-2028.pgm		드디어 좋은 파트너도\n찾은 것 같고.	12	15	2	2	32	96	0
0	2029	manual-validated		F:/workspace-server/create-retro-game-kr-patch-main/tmp/SLPS-01903/dialogue-workflow/masks/message-mask-2029.pgm		정식으로 우리 멤버로서\n등록해.	12	15	2	2	32	96	0
0	2030	manual-validated		F:/workspace-server/create-retro-game-kr-patch-main/tmp/SLPS-01903/dialogue-workflow/masks/message-mask-2030.pgm		고마워요! T.T. 아저씨.	12	15	2	2	32	96	0
0	2031	manual-validated		F:/workspace-server/create-retro-game-kr-patch-main/tmp/SLPS-01903/dialogue-workflow/masks/message-mask-2031.pgm		핫핫하... 자세한 설명은\n가스톤에게 물어보길...	12	15	2	2	32	96	0
0	2032	manual-validated		F:/workspace-server/create-retro-game-kr-patch-main/tmp/SLPS-01903/dialogue-workflow/masks/message-mask-2032.pgm		그렇다고 해도 놀랐어...\nT.T. 아저씨가 \n길드 마스터라니...	12	15	2	2	32	96	0
0	2033	manual-validated		F:/workspace-server/create-retro-game-kr-patch-main/tmp/SLPS-01903/dialogue-workflow/masks/message-mask-2033.pgm		굉장한 사람이지. 옛날 \n어트랙터는 굉장한 \n암흑가 였었어.	12	15	2	2	32	96	0
0	2034	manual-validated		F:/workspace-server/create-retro-game-kr-patch-main/tmp/SLPS-01903/dialogue-workflow/masks/message-mask-2034.pgm		그랬는데, 8년전 보스가\n나타나서, 눈 깜짝할 사이에\n쳐부숴 버렸어.	12	15	2	2	32	96	0
0	2035	manual-validated		F:/workspace-server/create-retro-game-kr-patch-main/tmp/SLPS-01903/dialogue-workflow/masks/message-mask-2035.pgm		에엣~?!	12	15	2	2	32	96	0
0	2036	manual-validated		F:/workspace-server/create-retro-game-kr-patch-main/tmp/SLPS-01903/dialogue-workflow/masks/message-mask-2036.pgm		즉, 지금의 어트랙터가 있는\n것은 모두 보스의 덕분이란\n말이지.	12	15	2	2	32	96	0
0	2037	manual-validated		F:/workspace-server/create-retro-game-kr-patch-main/tmp/SLPS-01903/dialogue-workflow/masks/message-mask-2037.pgm		카린은, 굉장한 사람을\n알고 있었던 거야.	12	15	2	2	32	96	0
0	2038	manual-validated		F:/workspace-server/create-retro-game-kr-patch-main/tmp/SLPS-01903/dialogue-workflow/masks/message-mask-2038.pgm		으응... 옛날에는, 전혀 굉장한 \n사람처럼 보이지 않았지만...	12	15	2	2	32	96	0
0	2039	manual-validated		F:/workspace-server/create-retro-game-kr-patch-main/tmp/SLPS-01903/dialogue-workflow/masks/message-mask-2039.pgm		어이! 이제부터 설명할테니,\n똑바로 들어!	12	15	2	2	32	96	0
0	2040	manual-validated		F:/workspace-server/create-retro-game-kr-patch-main/tmp/SLPS-01903/dialogue-workflow/masks/message-mask-2040.pgm		아, 네. 네.	12	15	2	2	32	96	0
0	2041	manual-validated		F:/workspace-server/create-retro-game-kr-patch-main/tmp/SLPS-01903/dialogue-workflow/masks/message-mask-2041.pgm		우선 길드라는 것은, 모험가조차 \n해결할 수 없는 의뢰를\n해결하는 곳이다.	12	15	2	2	32	96	0
0	2042	manual-validated		F:/workspace-server/create-retro-game-kr-patch-main/tmp/SLPS-01903/dialogue-workflow/masks/message-mask-2042.pgm		그리고, 난이도에 따라서 \n보수 액을 결정, 너희같은\n모험가에게 일로서 발주한다.	12	15	2	2	32	96	0
0	2043	manual-validated		F:/workspace-server/create-retro-game-kr-patch-main/tmp/SLPS-01903/dialogue-workflow/masks/message-mask-2043.pgm		일지 종료되면 보수를 \n지불하지만, 그 일부는 \n길드에서 거두게 되어 있어.	12	15	2	2	32	96	0
0	2044	manual-validated		F:/workspace-server/create-retro-game-kr-patch-main/tmp/SLPS-01903/dialogue-workflow/masks/message-mask-2044.pgm		그날그날 간신히 살아가는\n재미있는 일이군.	12	15	2	2	32	96	0
0	2045	manual-validated		F:/workspace-server/create-retro-game-kr-patch-main/tmp/SLPS-01903/dialogue-workflow/masks/message-mask-2045.pgm		하지만 그렇다면, 우리들이\n직접 의뢰를 받는 쪽이 \n더 벌이가 되잖아?	12	15	2	2	32	96	0
0	2046	manual-validated		F:/workspace-server/create-retro-game-kr-patch-main/tmp/SLPS-01903/dialogue-workflow/masks/message-mask-2046.pgm		절대 그렇지 않지.	12	15	2	2	32	96	0
0	2047	manual-validated		F:/workspace-server/create-retro-game-kr-patch-main/tmp/SLPS-01903/dialogue-workflow/masks/message-mask-2047.pgm		어느 누가 정체를 알 수 없는\n시시한 놈에게, '잘부탁합니다'하고\n큰 돈을 내고 일을 부탁하겠어?	12	15	2	2	32	96	0
0	2048	manual-validated		F:/workspace-server/create-retro-game-kr-patch-main/tmp/SLPS-01903/dialogue-workflow/masks/message-mask-2048.pgm		음....	12	15	2	2	32	96	0
0	2049	manual-validated		F:/workspace-server/create-retro-game-kr-patch-main/tmp/SLPS-01903/dialogue-workflow/masks/message-mask-2049.pgm		모두, 길드가 책임을 지고\n일을 맡고 있으니까 의뢰를\n하는 거야.	12	15	2	2	32	96	0
0	2050	manual-validated		F:/workspace-server/create-retro-game-kr-patch-main/tmp/SLPS-01903/dialogue-workflow/masks/message-mask-2050.pgm		이 업계는 신용이 제일이거든.\n너희들이 나만큼 신용 있어?	12	15	2	2	32	96	0
0	2051	manual-validated		F:/workspace-server/create-retro-game-kr-patch-main/tmp/SLPS-01903/dialogue-workflow/masks/message-mask-2051.pgm		으음...	12	15	2	2	32	96	0
0	2052	manual-validated		F:/workspace-server/create-retro-game-kr-patch-main/tmp/SLPS-01903/dialogue-workflow/masks/message-mask-2052.pgm		게다가, 메리트는 그뿐만이\n아니야.	12	15	2	2	32	96	0
0	2053	manual-validated		F:/workspace-server/create-retro-game-kr-patch-main/tmp/SLPS-01903/dialogue-workflow/masks/message-mask-2053.pgm		여기에 오면 고생하는 일 없이\n자신의 힘에 맞춰 일을 얻을 수\n있고, 	12	15	2	2	32	96	0
0	2054	manual-validated		F:/workspace-server/create-retro-game-kr-patch-main/tmp/SLPS-01903/dialogue-workflow/masks/message-mask-2054.pgm		만에 하나 모험에 나가서, 뭔가\n문제가 발생할 경우에는\n구조대가 파견되지.	12	15	2	2	32	96	0
0	2055	manual-validated		F:/workspace-server/create-retro-game-kr-patch-main/tmp/SLPS-01903/dialogue-workflow/masks/message-mask-2055.pgm		과연. 그렇다면 나쁘지 않은데...	12	15	2	2	32	96	0
0	2056	manual-validated		F:/workspace-server/create-retro-game-kr-patch-main/tmp/SLPS-01903/dialogue-workflow/masks/message-mask-2056.pgm		그런일이야. 하지만 이것만은 \n반드시 지켜줘야 하는데,	12	15	2	2	32	96	0
0	2057	manual-validated		F:/workspace-server/create-retro-game-kr-patch-main/tmp/SLPS-01903/dialogue-workflow/masks/message-mask-2057.pgm		독자적으로 정보를 얻어서 어딘가\n외출할 경우에도, 반드시 길드에\n신고를 하고 나갈 것!	12	15	2	2	32	96	0
0	2058	manual-validated		F:/workspace-server/create-retro-game-kr-patch-main/tmp/SLPS-01903/dialogue-workflow/masks/message-mask-2058.pgm		예를 들면 보물에 대한 소문을\n듣고 찾으러 간다던가..\n이런 경우에는,	12	15	2	2	32	96	0
0	2059	manual-validated		F:/workspace-server/create-retro-game-kr-patch-main/tmp/SLPS-01903/dialogue-workflow/masks/message-mask-2059.pgm		길드에 수수료를 상납할\n필요는 없어. 그러나 정보만은\n절대로 전해줄 것. 알았지?	12	15	2	2	32	96	0
0	2060	manual-validated		F:/workspace-server/create-retro-game-kr-patch-main/tmp/SLPS-01903/dialogue-workflow/masks/message-mask-2060.pgm		알겠어요.	12	15	2	2	32	96	0
0	2061	manual-validated		F:/workspace-server/create-retro-game-kr-patch-main/tmp/SLPS-01903/dialogue-workflow/masks/message-mask-2061.pgm		음 그럼, 아직 이른 것 같지만\n마침 너희들에게 줄 일이 있어.	12	15	2	2	32	96	0
0	2062	manual-validated		F:/workspace-server/create-retro-game-kr-patch-main/tmp/SLPS-01903/dialogue-workflow/masks/message-mask-2062.pgm		이 마을의 북서쪽에 으리으리한\n저택이 있는 것은 알고 있지?	12	15	2	2	32	96	0
0	2063	manual-validated		F:/workspace-server/create-retro-game-kr-patch-main/tmp/SLPS-01903/dialogue-workflow/masks/message-mask-2063.pgm		그곳은 마을에서 제일 가는\n상인인 마크도갈씨의 저택으로,	12	15	2	2	32	96	0
0	2064	manual-validated		F:/workspace-server/create-retro-game-kr-patch-main/tmp/SLPS-01903/dialogue-workflow/masks/message-mask-2064.pgm		암흑시대였던 8년전에는\n나쁜 일에도 손을 댄 것 \n같지만,	12	15	2	2	32	96	0
0	2065	manual-validated		F:/workspace-server/create-retro-game-kr-patch-main/tmp/SLPS-01903/dialogue-workflow/masks/message-mask-2065.pgm		지금은 성실히 무역으로 돈을\n벌고 있지. 마크도갈씨의 외동딸이 \n웬일인지 가출한 것 같아.	12	15	2	2	32	96	0
0	2066	manual-validated		F:/workspace-server/create-retro-game-kr-patch-main/tmp/SLPS-01903/dialogue-workflow/masks/message-mask-2066.pgm		의뢰는 딸을 찾아서 보호하는 일.\n어때 하겠어?	12	15	2	2	32	96	0
0	2067	manual-validated		F:/workspace-server/create-retro-game-kr-patch-main/tmp/SLPS-01903/dialogue-workflow/masks/message-mask-2067.pgm		오케이. 좋아요!	12	15	2	2	32	96	0
0	2068	manual-validated		F:/workspace-server/create-retro-game-kr-patch-main/tmp/SLPS-01903/dialogue-workflow/masks/message-mask-2068.pgm		좋아. 그쪽도 좋아?	12	15	2	2	32	96	0
0	2069	manual-validated		F:/workspace-server/create-retro-game-kr-patch-main/tmp/SLPS-01903/dialogue-workflow/masks/message-mask-2069.pgm		카린이 좋다면...	12	15	2	2	32	96	0
0	2070	manual-validated		F:/workspace-server/create-retro-game-kr-patch-main/tmp/SLPS-01903/dialogue-workflow/masks/message-mask-2070.pgm		너는, 남자라면 좀더\n자신의 의지를 분명히 나타내봐!	12	15	2	2	32	96	0
0	2071	manual-validated		F:/workspace-server/create-retro-game-kr-patch-main/tmp/SLPS-01903/dialogue-workflow/masks/message-mask-2071.pgm		미, 미안합니다	12	15	2	2	32	96	0
0	2072	manual-validated		F:/workspace-server/create-retro-game-kr-patch-main/tmp/SLPS-01903/dialogue-workflow/masks/message-mask-2072.pgm		음.. 그러면, 마크도갈씨에게\n자세한 얘기를 물어보도록...	12	15	2	2	32	96	0
0	2073	manual-validated		F:/workspace-server/create-retro-game-kr-patch-main/tmp/SLPS-01903/dialogue-workflow/masks/message-mask-2073.pgm		우리들에게는, 어린이 찾기가\n어울린다 이건가!?	12	15	2	2	32	96	0
0	2074	manual-validated		F:/workspace-server/create-retro-game-kr-patch-main/tmp/SLPS-01903/dialogue-workflow/masks/message-mask-2074.pgm		좀생이처럼 화내지마! 이 일은,\n너희들이 아니면 할 수 없는\n이유가 있어.	12	15	2	2	32	96	0
0	2075	manual-validated		F:/workspace-server/create-retro-game-kr-patch-main/tmp/SLPS-01903/dialogue-workflow/masks/message-mask-2075.pgm		그 이유가 뭔데?	12	15	2	2	32	96	0
0	2076	manual-validated		F:/workspace-server/create-retro-game-kr-patch-main/tmp/SLPS-01903/dialogue-workflow/masks/message-mask-2076.pgm		자세한 얘기는 마크도갈씨의\n집으로 가서 물어보도록 해.	12	15	2	2	32	96	0
0	2077	manual-validated		F:/workspace-server/create-retro-game-kr-patch-main/tmp/SLPS-01903/dialogue-workflow/masks/message-mask-2077.pgm		큰 저택이... 북서쪽에 보인다.\n저게 마크도갈씨의 저택?	12	15	2	2	32	96	0
0	2078	manual-validated		F:/workspace-server/create-retro-game-kr-patch-main/tmp/SLPS-01903/dialogue-workflow/masks/message-mask-2078.pgm		응, 뭐야?	12	15	2	2	32	96	0
0	2079	manual-validated		F:/workspace-server/create-retro-game-kr-patch-main/tmp/SLPS-01903/dialogue-workflow/masks/message-mask-2079.pgm		마크도갈씨의 저택이\n어느 쪽이죠?	12	15	2	2	32	96	0
0	2080	manual-validated		F:/workspace-server/create-retro-game-kr-patch-main/tmp/SLPS-01903/dialogue-workflow/masks/message-mask-2080.pgm		북서쪽, 붉은 지붕의 거대한\n저택이다! 사람의 대화를 열심히\n들어봐!	12	15	2	2	32	96	0
0	2081	manual-validated		F:/workspace-server/create-retro-game-kr-patch-main/tmp/SLPS-01903/dialogue-workflow/masks/message-mask-2081.pgm		안녕, 일은 잘 되고 있니?	12	15	2	2	32	96	0
0	2082	manual-validated		F:/workspace-server/create-retro-game-kr-patch-main/tmp/SLPS-01903/dialogue-workflow/masks/message-mask-2082.pgm		오늘부터 일 시작이네. 힘내!	12	15	2	2	32	96	0
0	2083	manual-validated		F:/workspace-server/create-retro-game-kr-patch-main/tmp/SLPS-01903/dialogue-workflow/masks/message-mask-2083.pgm		어서오세요!\n좋은 무기가 다 있어요!	12	15	2	2	32	96	0
0	2084	manual-validated		F:/workspace-server/create-retro-game-kr-patch-main/tmp/SLPS-01903/dialogue-workflow/masks/message-mask-2084.pgm		앗! 가시려고요?\n다시 오기를 기다릴께요~	12	15	2	2	32	96	0
0	2085	manual-validated		F:/workspace-server/create-retro-game-kr-patch-main/tmp/SLPS-01903/dialogue-workflow/masks/message-mask-2085.pgm		어서오세요!	12	15	2	2	32	96	0
0	2086	manual-validated		F:/workspace-server/create-retro-game-kr-patch-main/tmp/SLPS-01903/dialogue-workflow/masks/message-mask-2086.pgm		고맙습니다!	12	15	2	2	32	96	0
0	2087	manual-validated		F:/workspace-server/create-retro-game-kr-patch-main/tmp/SLPS-01903/dialogue-workflow/masks/message-mask-2087.pgm		밖으로 나갈수 없어	12	15	2	2	32	96	0
0	2088	manual-validated		F:/workspace-server/create-retro-game-kr-patch-main/tmp/SLPS-01903/dialogue-workflow/masks/message-mask-2088.pgm		... 아무도 없네.	12	15	2	2	32	96	0
0	2089	manual-validated		F:/workspace-server/create-retro-game-kr-patch-main/tmp/SLPS-01903/dialogue-workflow/masks/message-mask-2089.pgm		괜찮아?	12	15	2	2	32	96	0
0	2090	manual-validated		F:/workspace-server/create-retro-game-kr-patch-main/tmp/SLPS-01903/dialogue-workflow/masks/message-mask-2090.pgm		괜찮지 않을까요?	12	15	2	2	32	96	0
0	2091	manual-validated		F:/workspace-server/create-retro-game-kr-patch-main/tmp/SLPS-01903/dialogue-workflow/masks/message-mask-2091.pgm		굉장한 저택이네.	12	15	2	2	32	96	0
0	2092	manual-validated		F:/workspace-server/create-retro-game-kr-patch-main/tmp/SLPS-01903/dialogue-workflow/masks/message-mask-2092.pgm		정말...	12	15	2	2	32	96	0
0	2093	manual-validated		F:/workspace-server/create-retro-game-kr-patch-main/tmp/SLPS-01903/dialogue-workflow/masks/message-mask-2093.pgm		잘 와주었소. 내가 마크도갈일세.\n당신들이 딸을 찾아 준다고?	12	15	2	2	32	96	0
0	2094	manual-validated		F:/workspace-server/create-retro-game-kr-patch-main/tmp/SLPS-01903/dialogue-workflow/masks/message-mask-2094.pgm		예. 그래서, 자세한 얘기를\n들으러 왔습니다.	12	15	2	2	32	96	0
0	2095	manual-validated		F:/workspace-server/create-retro-game-kr-patch-main/tmp/SLPS-01903/dialogue-workflow/masks/message-mask-2095.pgm		으음. 우선은 딸의 초상화를\n봐주게.	12	15	2	2	32	96	0
0	2096	manual-validated		F:/workspace-server/create-retro-game-kr-patch-main/tmp/SLPS-01903/dialogue-workflow/masks/message-mask-2096.pgm		얘가 딸 아리스지.\n복장도 이것과 똑같은 것을\n입고 나갔소.	12	15	2	2	32	96	0
0	2097	manual-validated		F:/workspace-server/create-retro-game-kr-patch-main/tmp/SLPS-01903/dialogue-workflow/masks/message-mask-2097.pgm		아리스를 찾아서\n데리고 오면 되는 겁니까?	12	15	2	2	32	96	0
0	2098	manual-validated		F:/workspace-server/create-retro-game-kr-patch-main/tmp/SLPS-01903/dialogue-workflow/masks/message-mask-2098.pgm		음... 그렇지만, 알려지면 \n좀 곤란한 일이라서...	12	15	2	2	32	96	0
0	2099	manual-validated		F:/workspace-server/create-retro-game-kr-patch-main/tmp/SLPS-01903/dialogue-workflow/masks/message-mask-2099.pgm		그렇다면?	12	15	2	2	32	96	0
0	2100	manual-validated		F:/workspace-server/create-retro-game-kr-patch-main/tmp/SLPS-01903/dialogue-workflow/masks/message-mask-2100.pgm		사건의 발단은 나와의 \n사소한 말다툼이었지.	12	15	2	2	32	96	0
0	2101	manual-validated		F:/workspace-server/create-retro-game-kr-patch-main/tmp/SLPS-01903/dialogue-workflow/masks/message-mask-2101.pgm		그 애는 죽은 엄마와 닮아 고집이 \n셌지. 그리 간단히 기분이 \n풀리리라고는 생각지 않았지만..	12	15	2	2	32	96	0
0	2102	manual-validated		F:/workspace-server/create-retro-game-kr-patch-main/tmp/SLPS-01903/dialogue-workflow/masks/message-mask-2102.pgm		대체, 원인이 뭡니까?	12	15	2	2	32	96	0
0	2103	manual-validated		F:/workspace-server/create-retro-game-kr-patch-main/tmp/SLPS-01903/dialogue-workflow/masks/message-mask-2103.pgm		으~음...	12	15	2	2	32	96	0
0	2104	manual-validated		F:/workspace-server/create-retro-game-kr-patch-main/tmp/SLPS-01903/dialogue-workflow/masks/message-mask-2104.pgm		어째서? 왜 밖으로\n나가 놀면 안돼요?	12	15	2	2	32	96	0
0	2105	manual-validated		F:/workspace-server/create-retro-game-kr-patch-main/tmp/SLPS-01903/dialogue-workflow/masks/message-mask-2105.pgm		밖은 위험해. 너같은, 어린애가\n나다니기에는 너무 위험해.	12	15	2	2	32	96	0
0	2106	manual-validated		F:/workspace-server/create-retro-game-kr-patch-main/tmp/SLPS-01903/dialogue-workflow/masks/message-mask-2106.pgm		난 이제, 어린애가 아니에요. \n계속해서 집안에서 밖을 \n내다보는 건 싫어요!	12	15	2	2	32	96	0
0	2107	manual-validated		F:/workspace-server/create-retro-game-kr-patch-main/tmp/SLPS-01903/dialogue-workflow/masks/message-mask-2107.pgm		말이 안되는 소릴 하고 있는 게\n아니잖니.	12	15	2	2	32	96	0
0	2108	manual-validated		F:/workspace-server/create-retro-game-kr-patch-main/tmp/SLPS-01903/dialogue-workflow/masks/message-mask-2108.pgm		밖에 나가고 싶으면, 내가\n언제나 함께 가준다고 했잖아.	12	15	2	2	32	96	0
0	2109	manual-validated		F:/workspace-server/create-retro-game-kr-patch-main/tmp/SLPS-01903/dialogue-workflow/masks/message-mask-2109.pgm		나는 혼자서 자유롭게 나가고\n싶어!! 이런 상태로는, \n새장 속의 새와 똑같아요!	12	15	2	2	32	96	0
0	2110	manual-validated		F:/workspace-server/create-retro-game-kr-patch-main/tmp/SLPS-01903/dialogue-workflow/masks/message-mask-2110.pgm		아리스... 알아둬라.	12	15	2	2	32	96	0
0	2111	manual-validated		F:/workspace-server/create-retro-game-kr-patch-main/tmp/SLPS-01903/dialogue-workflow/masks/message-mask-2111.pgm		이 아빠는 죽은 엄마를 대신해서\n너를 지키지 않으면 안돼.	12	15	2	2	32	96	0
0	2112	manual-validated		F:/workspace-server/create-retro-game-kr-patch-main/tmp/SLPS-01903/dialogue-workflow/masks/message-mask-2112.pgm		... 아빠가 언제까지 그럴\n생각이라면, 나에게도 생각이\n있어요.	12	15	2	2	32	96	0
0	2113	manual-validated		F:/workspace-server/create-retro-game-kr-patch-main/tmp/SLPS-01903/dialogue-workflow/masks/message-mask-2113.pgm		뭐, 뭘 할 생각이냐?	12	15	2	2	32	96	0
0	2114	manual-validated		F:/workspace-server/create-retro-game-kr-patch-main/tmp/SLPS-01903/dialogue-workflow/masks/message-mask-2114.pgm		집을 나가겠어요!	12	15	2	2	32	96	0
0	2115	manual-validated		F:/workspace-server/create-retro-game-kr-patch-main/tmp/SLPS-01903/dialogue-workflow/masks/message-mask-2115.pgm		그때는, 할 수 있으면 해보라고\n웃고 넘겼는데.	12	15	2	2	32	96	0
0	2116	manual-validated		F:/workspace-server/create-retro-game-kr-patch-main/tmp/SLPS-01903/dialogue-workflow/masks/message-mask-2116.pgm		설마 진짜로 나가 버리다니...	12	15	2	2	32	96	0
0	2117	manual-validated		F:/workspace-server/create-retro-game-kr-patch-main/tmp/SLPS-01903/dialogue-workflow/masks/message-mask-2117.pgm		그렇게 됐군요... 상황은 대강\n알겠어요. 그렇다면,	12	15	2	2	32	96	0
0	2118	manual-validated		F:/workspace-server/create-retro-game-kr-patch-main/tmp/SLPS-01903/dialogue-workflow/masks/message-mask-2118.pgm		우리들이 발견해도 따님이\n돌아오리라고는 장담할 수\n없겠네요.	12	15	2	2	32	96	0
0	2119	manual-validated		F:/workspace-server/create-retro-game-kr-patch-main/tmp/SLPS-01903/dialogue-workflow/masks/message-mask-2119.pgm		그렇소. 그러니 딸을 찾게 되면,	12	15	2	2	32	96	0
0	2120	manual-validated		F:/workspace-server/create-retro-game-kr-patch-main/tmp/SLPS-01903/dialogue-workflow/masks/message-mask-2120.pgm		연락을 한 다음, 위험하지 않도록\n그 아이 옆에 붙어있어 주게.	12	15	2	2	32	96	0
0	2121	manual-validated		F:/workspace-server/create-retro-game-kr-patch-main/tmp/SLPS-01903/dialogue-workflow/masks/message-mask-2121.pgm		그런데... 이곳에도 호위\n담당자가 있지 않나요?	12	15	2	2	32	96	0
0	2122	manual-validated		F:/workspace-server/create-retro-game-kr-patch-main/tmp/SLPS-01903/dialogue-workflow/masks/message-mask-2122.pgm		우리 검은 옷 부대가 가면 \n도망쳐 버리니.	12	15	2	2	32	96	0
0	2123	manual-validated		F:/workspace-server/create-retro-game-kr-patch-main/tmp/SLPS-01903/dialogue-workflow/masks/message-mask-2123.pgm		같은 또래인 당신들이라면,\n반드시 마음을 열어 줄 것일세.	12	15	2	2	32	96	0
0	2124	manual-validated		F:/workspace-server/create-retro-game-kr-patch-main/tmp/SLPS-01903/dialogue-workflow/masks/message-mask-2124.pgm		그렇군요. 그래서 우리들에게...	12	15	2	2	32	96	0
0	2125	manual-validated		F:/workspace-server/create-retro-game-kr-patch-main/tmp/SLPS-01903/dialogue-workflow/masks/message-mask-2125.pgm		하루빨리 딸을 찾아주게. \n아~ 아~, 그 애에게 무슨 일이\n생긴다면 나는...	12	15	2	2	32	96	0
0	2126	manual-validated		F:/workspace-server/create-retro-game-kr-patch-main/tmp/SLPS-01903/dialogue-workflow/masks/message-mask-2126.pgm		걱정마세요. \n저희들에게 맡겨 주세요.	12	15	2	2	32	96	0
0	2127	manual-validated		F:/workspace-server/create-retro-game-kr-patch-main/tmp/SLPS-01903/dialogue-workflow/masks/message-mask-2127.pgm		고맙네. 자네들만 믿겠네.	12	15	2	2	32	96	0
0	2128	manual-validated		F:/workspace-server/create-retro-game-kr-patch-main/tmp/SLPS-01903/dialogue-workflow/masks/message-mask-2128.pgm		그렇게 말했지만...\n어떻게 하지?	12	15	2	2	32	96	0
0	2129	manual-validated		F:/workspace-server/create-retro-game-kr-patch-main/tmp/SLPS-01903/dialogue-workflow/masks/message-mask-2129.pgm		우선, 마을 안을 찾아보자.	12	15	2	2	32	96	0
0	2130	manual-validated		F:/workspace-server/create-retro-game-kr-patch-main/tmp/SLPS-01903/dialogue-workflow/masks/message-mask-2130.pgm		어서오세요! \n좋은 무기가 다 있어요!	12	15	2	2	32	96	0
0	2131	manual-validated		F:/workspace-server/create-retro-game-kr-patch-main/tmp/SLPS-01903/dialogue-workflow/masks/message-mask-2131.pgm		돈 잘 버는 아저씨네.	12	15	2	2	32	96	0
0	2132	manual-validated		F:/workspace-server/create-retro-game-kr-patch-main/tmp/SLPS-01903/dialogue-workflow/masks/message-mask-2132.pgm		에, 저... 이런 여자 아이 혹시\n못봤어요?	12	15	2	2	32	96	0
0	2133	manual-validated		F:/workspace-server/create-retro-game-kr-patch-main/tmp/SLPS-01903/dialogue-workflow/masks/message-mask-2133.pgm		으음-, 그 아가씨라면 아까까지\n있었는데. 신기하다는 듯 무기를\n보고 있었는데,	12	15	2	2	32	96	0
0	2134	manual-validated		F:/workspace-server/create-retro-game-kr-patch-main/tmp/SLPS-01903/dialogue-workflow/masks/message-mask-2134.pgm		다른 손님이 오자 당황해서\n나가버렸어요.	12	15	2	2	32	96	0
0	2135	manual-validated		F:/workspace-server/create-retro-game-kr-patch-main/tmp/SLPS-01903/dialogue-workflow/masks/message-mask-2135.pgm		그래요.	12	15	2	2	32	96	0
0	2136	manual-validated		F:/workspace-server/create-retro-game-kr-patch-main/tmp/SLPS-01903/dialogue-workflow/masks/message-mask-2136.pgm		그건 그렇다 치고!! 여성의 미를\n한층 빛나게 하는 무기를 보실\n생각은?	12	15	2	2	32	96	0
0	2137	manual-validated		F:/workspace-server/create-retro-game-kr-patch-main/tmp/SLPS-01903/dialogue-workflow/masks/message-mask-2137.pgm		저 혹시, 그 아이 안 왔어요?	12	15	2	2	32	96	0
0	2138	manual-validated		F:/workspace-server/create-retro-game-kr-patch-main/tmp/SLPS-01903/dialogue-workflow/masks/message-mask-2138.pgm		그 이후로는 안 왔는데...	12	15	2	2	32	96	0
0	2139	manual-validated		F:/workspace-server/create-retro-game-kr-patch-main/tmp/SLPS-01903/dialogue-workflow/masks/message-mask-2139.pgm		어서오세요!	12	15	2	2	32	96	0
0	2140	manual-validated		F:/workspace-server/create-retro-game-kr-patch-main/tmp/SLPS-01903/dialogue-workflow/masks/message-mask-2140.pgm		저-, 혹시 이런 여자아이 못 봤어요?	12	15	2	2	32	96	0
0	2141	manual-validated		F:/workspace-server/create-retro-game-kr-patch-main/tmp/SLPS-01903/dialogue-workflow/masks/message-mask-2141.pgm		어머, 이 아이라면 아까 허브를\n사고 나갔어요. 친구들인가요?	12	15	2	2	32	96	0
0	2142	manual-validated		F:/workspace-server/create-retro-game-kr-patch-main/tmp/SLPS-01903/dialogue-workflow/masks/message-mask-2142.pgm		에? 에, 그러니까...	12	15	2	2	32	96	0
0	2143	manual-validated		F:/workspace-server/create-retro-game-kr-patch-main/tmp/SLPS-01903/dialogue-workflow/masks/message-mask-2143.pgm		당신도 어때요? 싸게 해줄께요.	12	15	2	2	32	96	0
0	2144	manual-validated		F:/workspace-server/create-retro-game-kr-patch-main/tmp/SLPS-01903/dialogue-workflow/masks/message-mask-2144.pgm		아까 이후로는 안 왔어요?	12	15	2	2	32	96	0
0	2145	manual-validated		F:/workspace-server/create-retro-game-kr-patch-main/tmp/SLPS-01903/dialogue-workflow/masks/message-mask-2145.pgm		안 왔어요. 미안합니다.	12	15	2	2	32	96	0
0	2146	manual-validated		F:/workspace-server/create-retro-game-kr-patch-main/tmp/SLPS-01903/dialogue-workflow/masks/message-mask-2146.pgm		여기는 약초 같은 걸 파는 곳이네.	12	15	2	2	32	96	0
0	2147	manual-validated		F:/workspace-server/create-retro-game-kr-patch-main/tmp/SLPS-01903/dialogue-workflow/masks/message-mask-2147.pgm		저-, 이렇게 생긴 여자아이 못봤나요?	12	15	2	2	32	96	0
0	2148	manual-validated		F:/workspace-server/create-retro-game-kr-patch-main/tmp/SLPS-01903/dialogue-workflow/masks/message-mask-2148.pgm		아아, 봣어요 봤어. 이곳에 어울리지 \n않는 옷차림이었기 때문에. \n기억하고 있어요.	12	15	2	2	32	96	0
0	2149	manual-validated		F:/workspace-server/create-retro-game-kr-patch-main/tmp/SLPS-01903/dialogue-workflow/masks/message-mask-2149.pgm		계속 바다 저쪽을 바라보고\n있었어요.	12	15	2	2	32	96	0
0	2150	manual-validated		F:/workspace-server/create-retro-game-kr-patch-main/tmp/SLPS-01903/dialogue-workflow/masks/message-mask-2150.pgm		그 이후로 안 왔습니까?	12	15	2	2	32	96	0
0	2151	manual-validated		F:/workspace-server/create-retro-game-kr-patch-main/tmp/SLPS-01903/dialogue-workflow/masks/message-mask-2151.pgm		못 봤어요.	12	15	2	2	32	96	0
0	2152	manual-validated		F:/workspace-server/create-retro-game-kr-patch-main/tmp/SLPS-01903/dialogue-workflow/masks/message-mask-2152.pgm		저-, 이런 아이 못 봤어요?	12	15	2	2	32	96	0
0	2153	manual-validated		F:/workspace-server/create-retro-game-kr-patch-main/tmp/SLPS-01903/dialogue-workflow/masks/message-mask-2153.pgm		이 아이라면, \n조금 전까지 있었어요.	12	15	2	2	32	96	0
0	2154	manual-validated		F:/workspace-server/create-retro-game-kr-patch-main/tmp/SLPS-01903/dialogue-workflow/masks/message-mask-2154.pgm		분명히, '푸딩 아라모드'를\n주문했었다고 생각합니다만...	12	15	2	2	32	96	0
0	2155	manual-validated		F:/workspace-server/create-retro-game-kr-patch-main/tmp/SLPS-01903/dialogue-workflow/masks/message-mask-2155.pgm		한발 늦은 건가?	12	15	2	2	32	96	0
0	2156	manual-validated		F:/workspace-server/create-retro-game-kr-patch-main/tmp/SLPS-01903/dialogue-workflow/masks/message-mask-2156.pgm		그럼, 주문은 무엇으로\n하시겠습니까?	12	15	2	2	32	96	0
0	2157	manual-validated		F:/workspace-server/create-retro-game-kr-patch-main/tmp/SLPS-01903/dialogue-workflow/masks/message-mask-2157.pgm		그리고 나서 오지 않았나요?	12	15	2	2	32	96	0
0	2158	manual-validated		F:/workspace-server/create-retro-game-kr-patch-main/tmp/SLPS-01903/dialogue-workflow/masks/message-mask-2158.pgm		못 본 것 같은데요.	12	15	2	2	32	96	0
0	2159	manual-validated		F:/workspace-server/create-retro-game-kr-patch-main/tmp/SLPS-01903/dialogue-workflow/masks/message-mask-2159.pgm		다른 데를 찾을 수밖에...	12	15	2	2	32	96	0
0	2160	manual-validated		F:/workspace-server/create-retro-game-kr-patch-main/tmp/SLPS-01903/dialogue-workflow/masks/message-mask-2160.pgm		주문은...	12	15	2	2	32	96	0
0	2161	manual-validated		F:/workspace-server/create-retro-game-kr-patch-main/tmp/SLPS-01903/dialogue-workflow/masks/message-mask-2161.pgm		마스터, 이 아이 못 봤어요?	12	15	2	2	32	96	0
0	2162	manual-validated		F:/workspace-server/create-retro-game-kr-patch-main/tmp/SLPS-01903/dialogue-workflow/masks/message-mask-2162.pgm		아아! 아까 왔어. 아직 \n준비중이라고 말하니까 \n유감스럽게도 나가 버렸어.	12	15	2	2	32	96	0
0	2163	manual-validated		F:/workspace-server/create-retro-game-kr-patch-main/tmp/SLPS-01903/dialogue-workflow/masks/message-mask-2163.pgm		안녕하세요 마스터. 어때요?	12	15	2	2	32	96	0
0	2164	manual-validated		F:/workspace-server/create-retro-game-kr-patch-main/tmp/SLPS-01903/dialogue-workflow/masks/message-mask-2164.pgm		수고 많네. 하지만, \n그 후로는 오지 않았어.	12	15	2	2	32	96	0
0	2165	manual-validated		F:/workspace-server/create-retro-game-kr-patch-main/tmp/SLPS-01903/dialogue-workflow/masks/message-mask-2165.pgm		에엣!\n아리스가 집을 나갔다고!?	12	15	2	2	32	96	0
0	2166	manual-validated		F:/workspace-server/create-retro-game-kr-patch-main/tmp/SLPS-01903/dialogue-workflow/masks/message-mask-2166.pgm		어딘가에서 본적 없어요?	12	15	2	2	32	96	0
0	2167	manual-validated		F:/workspace-server/create-retro-game-kr-patch-main/tmp/SLPS-01903/dialogue-workflow/masks/message-mask-2167.pgm		보다마다요.\n좀전까지 함께 얘기했는데요.	12	15	2	2	32	96	0
0	2168	manual-validated		F:/workspace-server/create-retro-game-kr-patch-main/tmp/SLPS-01903/dialogue-workflow/masks/message-mask-2168.pgm		뭐라고!? 그래서 어디로 갔어요?	12	15	2	2	32	96	0
0	2169	manual-validated		F:/workspace-server/create-retro-game-kr-patch-main/tmp/SLPS-01903/dialogue-workflow/masks/message-mask-2169.pgm		몰라요. 설마, 가출중이라고는\n생각치 못했어요.	12	15	2	2	32	96	0
0	2170	manual-validated		F:/workspace-server/create-retro-game-kr-patch-main/tmp/SLPS-01903/dialogue-workflow/masks/message-mask-2170.pgm		뭔가, 이상한 점 없었어요?	12	15	2	2	32	96	0
0	2171	manual-validated		F:/workspace-server/create-retro-game-kr-patch-main/tmp/SLPS-01903/dialogue-workflow/masks/message-mask-2171.pgm		그러고 보니, 커다란 보자기로 싼\n꾸러미를 등에 지고 있었어요.	12	15	2	2	32	96	0
0	2172	manual-validated		F:/workspace-server/create-retro-game-kr-patch-main/tmp/SLPS-01903/dialogue-workflow/masks/message-mask-2172.pgm		(그걸 보고도 이상한걸 못 \n느끼다니...)	12	15	2	2	32	96	0
0	2173	manual-validated		F:/workspace-server/create-retro-game-kr-patch-main/tmp/SLPS-01903/dialogue-workflow/masks/message-mask-2173.pgm		아, 나도 함께 아리스를\n찾으러 가겠습니다!	12	15	2	2	32	96	0
0	2174	manual-validated		F:/workspace-server/create-retro-game-kr-patch-main/tmp/SLPS-01903/dialogue-workflow/masks/message-mask-2174.pgm		그렇지만, 여기를 비워놔도\n괜찮아요?	12	15	2	2	32	96	0
0	2175	manual-validated		F:/workspace-server/create-retro-game-kr-patch-main/tmp/SLPS-01903/dialogue-workflow/masks/message-mask-2175.pgm		아아, 저녁까지는 빠져나갈 수\n없어요.	12	15	2	2	32	96	0
0	2176	manual-validated		F:/workspace-server/create-retro-game-kr-patch-main/tmp/SLPS-01903/dialogue-workflow/masks/message-mask-2176.pgm		아-... 그렇다면, 혹시 다시 \n이쪽으로 들리게 되면,	12	15	2	2	32	96	0
0	2177	manual-validated		F:/workspace-server/create-retro-game-kr-patch-main/tmp/SLPS-01903/dialogue-workflow/masks/message-mask-2177.pgm			12	15	2	2	32	96	0
0	2178	manual-validated		F:/workspace-server/create-retro-game-kr-patch-main/tmp/SLPS-01903/dialogue-workflow/masks/message-mask-2178.pgm		길드로 연락해 주시겠어요?	12	15	2	2	32	96	0
0	2179	manual-validated		F:/workspace-server/create-retro-game-kr-patch-main/tmp/SLPS-01903/dialogue-workflow/masks/message-mask-2179.pgm		아... 알았습니다.	12	15	2	2	32	96	0
0	2180	manual-validated		F:/workspace-server/create-retro-game-kr-patch-main/tmp/SLPS-01903/dialogue-workflow/masks/message-mask-2180.pgm		나는, 이 교회에서 단기 수녀\n아르바이트를 하고 있는\n라딧슈라고 해요.	12	15	2	2	32	96	0
0	2181	manual-validated		F:/workspace-server/create-retro-game-kr-patch-main/tmp/SLPS-01903/dialogue-workflow/masks/message-mask-2181.pgm		나는 카린. 이쪽은 알이에요.	12	15	2	2	32	96	0
0	2182	manual-validated		F:/workspace-server/create-retro-game-kr-patch-main/tmp/SLPS-01903/dialogue-workflow/masks/message-mask-2182.pgm		아, 잘 부탁해요.	12	15	2	2	32	96	0
0	2183	manual-validated		F:/workspace-server/create-retro-game-kr-patch-main/tmp/SLPS-01903/dialogue-workflow/masks/message-mask-2183.pgm		잘 부탁합니다.	12	15	2	2	32	96	0
0	2184	manual-validated		F:/workspace-server/create-retro-game-kr-patch-main/tmp/SLPS-01903/dialogue-workflow/masks/message-mask-2184.pgm		아리스를 찾았나요?	12	15	2	2	32	96	0
0	2185	manual-validated		F:/workspace-server/create-retro-game-kr-patch-main/tmp/SLPS-01903/dialogue-workflow/masks/message-mask-2185.pgm		아직...	12	15	2	2	32	96	0
0	2186	manual-validated		F:/workspace-server/create-retro-game-kr-patch-main/tmp/SLPS-01903/dialogue-workflow/masks/message-mask-2186.pgm		(글썽, 글썽, 글썽...)	12	15	2	2	32	96	0
0	2187	manual-validated		F:/workspace-server/create-retro-game-kr-patch-main/tmp/SLPS-01903/dialogue-workflow/masks/message-mask-2187.pgm		으앗! 대체 그 아이.\n어디를 방황하고 있는 거야?	12	15	2	2	32	96	0
0	2188	manual-validated		F:/workspace-server/create-retro-game-kr-patch-main/tmp/SLPS-01903/dialogue-workflow/masks/message-mask-2188.pgm		이만큼 마을 안을 걸었다면,\n어느 정도 지치지 않았을까...?	12	15	2	2	32	96	0
0	2189	manual-validated		F:/workspace-server/create-retro-game-kr-patch-main/tmp/SLPS-01903/dialogue-workflow/masks/message-mask-2189.pgm		응? 아직 못 찾았어?	12	15	2	2	32	96	0
0	2190	manual-validated		F:/workspace-server/create-retro-game-kr-patch-main/tmp/SLPS-01903/dialogue-workflow/masks/message-mask-2190.pgm		음... 마을 밖으로 나간 것 \n같지는 않으니 구석구석까지 \n돌아보는 게 어때?	12	15	2	2	32	96	0
0	2191	manual-validated		F:/workspace-server/create-retro-game-kr-patch-main/tmp/SLPS-01903/dialogue-workflow/masks/message-mask-2191.pgm		아무도 없어.\n이런 곳에 올 리 없잖아.	12	15	2	2	32	96	0
0	2192	manual-validated		F:/workspace-server/create-retro-game-kr-patch-main/tmp/SLPS-01903/dialogue-workflow/masks/message-mask-2192.pgm		... 여기는 나에게 맡겨 줘.\n알! 빨리 길드에 보고해 줄래?	12	15	2	2	32	96	0
0	2193	manual-validated		F:/workspace-server/create-retro-game-kr-patch-main/tmp/SLPS-01903/dialogue-workflow/masks/message-mask-2193.pgm		알았어.	12	15	2	2	32	96	0
0	2194	manual-validated		F:/workspace-server/create-retro-game-kr-patch-main/tmp/SLPS-01903/dialogue-workflow/masks/message-mask-2194.pgm		멋있는 마을이네.	12	15	2	2	32	96	0
0	2195	manual-validated		F:/workspace-server/create-retro-game-kr-patch-main/tmp/SLPS-01903/dialogue-workflow/masks/message-mask-2195.pgm		... 응.	12	15	2	2	32	96	0
0	2196	manual-validated		F:/workspace-server/create-retro-game-kr-patch-main/tmp/SLPS-01903/dialogue-workflow/masks/message-mask-2196.pgm		어제 이 마을에 막 도착했는데,\n이런 좋은 곳이 있을 줄은\n몰랐어.	12	15	2	2	32	96	0
0	2197	manual-validated		F:/workspace-server/create-retro-game-kr-patch-main/tmp/SLPS-01903/dialogue-workflow/masks/message-mask-2197.pgm		아빠에게, 부탁 받고 왔지요?\n날 데려갈껀가요?	12	15	2	2	32	96	0
0	2198	manual-validated		F:/workspace-server/create-retro-game-kr-patch-main/tmp/SLPS-01903/dialogue-workflow/masks/message-mask-2198.pgm		거기까지는 부탁받지 않았어.\n찾으면 함께 따라가 주라고 했지.	12	15	2	2	32	96	0
0	2199	manual-validated		F:/workspace-server/create-retro-game-kr-patch-main/tmp/SLPS-01903/dialogue-workflow/masks/message-mask-2199.pgm		그래요...	12	15	2	2	32	96	0
0	2200	manual-validated		F:/workspace-server/create-retro-game-kr-patch-main/tmp/SLPS-01903/dialogue-workflow/masks/message-mask-2200.pgm		아버지가 걱정 많이 하고 계셔.	12	15	2	2	32	96	0
0	2201	manual-validated		F:/workspace-server/create-retro-game-kr-patch-main/tmp/SLPS-01903/dialogue-workflow/masks/message-mask-2201.pgm		항상 그래요.	12	15	2	2	32	96	0
0	2202	manual-validated		F:/workspace-server/create-retro-game-kr-patch-main/tmp/SLPS-01903/dialogue-workflow/masks/message-mask-2202.pgm		그래? 부럽다. 그렇게 \n걱정해주는 사람이 있어서...	12	15	2	2	32	96	0
0	2203	manual-validated		F:/workspace-server/create-retro-game-kr-patch-main/tmp/SLPS-01903/dialogue-workflow/masks/message-mask-2203.pgm		당신은 그런 사람이 없나요?	12	15	2	2	32	96	0
0	2204	manual-validated		F:/workspace-server/create-retro-game-kr-patch-main/tmp/SLPS-01903/dialogue-workflow/masks/message-mask-2204.pgm		8년전에, 엔트리히에서 일어난\n전쟁을 기억해? 난 그때 \n엔트리히에 살았었어.	12	15	2	2	32	96	0
0	2205	manual-validated		F:/workspace-server/create-retro-game-kr-patch-main/tmp/SLPS-01903/dialogue-workflow/masks/message-mask-2205.pgm		아빠도 엄마도, 그때...	12	15	2	2	32	96	0
0	2206	manual-validated		F:/workspace-server/create-retro-game-kr-patch-main/tmp/SLPS-01903/dialogue-workflow/masks/message-mask-2206.pgm		미안해요.	12	15	2	2	32	96	0
0	2207	manual-validated		F:/workspace-server/create-retro-game-kr-patch-main/tmp/SLPS-01903/dialogue-workflow/masks/message-mask-2207.pgm		신경 쓰지마. \n이미 익숙해졌으니까.	12	15	2	2	32	96	0
0	2208	manual-validated		F:/workspace-server/create-retro-game-kr-patch-main/tmp/SLPS-01903/dialogue-workflow/masks/message-mask-2208.pgm		그런데... \n모험가라는 거 재미있어요?	12	15	2	2	32	96	0
0	2209	manual-validated		F:/workspace-server/create-retro-game-kr-patch-main/tmp/SLPS-01903/dialogue-workflow/masks/message-mask-2209.pgm		응?	12	15	2	2	32	96	0
0	2210	manual-validated		F:/workspace-server/create-retro-game-kr-patch-main/tmp/SLPS-01903/dialogue-workflow/masks/message-mask-2210.pgm		조금은 동경하고 있었어요.\n자유롭게 세계를 여행하고,\n여러가지 것을 보고...	12	15	2	2	32	96	0
0	2211	manual-validated		F:/workspace-server/create-retro-game-kr-patch-main/tmp/SLPS-01903/dialogue-workflow/masks/message-mask-2211.pgm		으-응.. 자유라고 해도 돈을\n벌지 않으면 먹고 살수 없으니,	12	15	2	2	32	96	0
0	2212	manual-validated		F:/workspace-server/create-retro-game-kr-patch-main/tmp/SLPS-01903/dialogue-workflow/masks/message-mask-2212.pgm		네 생각만큼 자기 좋을 대로\n다하고 산다고는 할 수 없지.	12	15	2	2	32	96	0
0	2213	manual-validated		F:/workspace-server/create-retro-game-kr-patch-main/tmp/SLPS-01903/dialogue-workflow/masks/message-mask-2213.pgm		그래도. 나는 이 마을 밖은 \n잘 모르고, 저택 바깥조차 \n좀처럼 나갈 수 없어요.	12	15	2	2	32	96	0
0	2214	manual-validated		F:/workspace-server/create-retro-game-kr-patch-main/tmp/SLPS-01903/dialogue-workflow/masks/message-mask-2214.pgm		그래서 이곳에서 마을을 보고 있었어?	12	15	2	2	32	96	0
0	2215	manual-validated		F:/workspace-server/create-retro-game-kr-patch-main/tmp/SLPS-01903/dialogue-workflow/masks/message-mask-2215.pgm		좀 더 있다가 돌아가겠어요.\n아빠에게도 그렇게 전해주시지\n않겠어요?	12	15	2	2	32	96	0
0	2216	manual-validated		F:/workspace-server/create-retro-game-kr-patch-main/tmp/SLPS-01903/dialogue-workflow/masks/message-mask-2216.pgm		그렇지만...\n너를 지켜달라고 \n부탁을 받았는데...	12	15	2	2	32	96	0
0	2217	manual-validated		F:/workspace-server/create-retro-game-kr-patch-main/tmp/SLPS-01903/dialogue-workflow/masks/message-mask-2217.pgm		부탁해요.\n아주 조금만 여기서\n혼자 있고 싶어요.	12	15	2	2	32	96	0
0	2218	manual-validated		F:/workspace-server/create-retro-game-kr-patch-main/tmp/SLPS-01903/dialogue-workflow/masks/message-mask-2218.pgm		으음...	12	15	2	2	32	96	0
0	2219	manual-validated		F:/workspace-server/create-retro-game-kr-patch-main/tmp/SLPS-01903/dialogue-workflow/masks/message-mask-2219.pgm		과연 마크도갈의 딸이군!	12	15	2	2	32	96	0
0	2220	manual-validated		F:/workspace-server/create-retro-game-kr-patch-main/tmp/SLPS-01903/dialogue-workflow/masks/message-mask-2220.pgm		늦는데...	12	15	2	2	32	96	0
0	2221	manual-validated		F:/workspace-server/create-retro-game-kr-patch-main/tmp/SLPS-01903/dialogue-workflow/masks/message-mask-2221.pgm		큰일! 큰일이에요!	12	15	2	2	32	96	0
0	2222	manual-validated		F:/workspace-server/create-retro-game-kr-patch-main/tmp/SLPS-01903/dialogue-workflow/masks/message-mask-2222.pgm		무슨 일이죠?	12	15	2	2	32	96	0
0	2223	manual-validated		F:/workspace-server/create-retro-game-kr-patch-main/tmp/SLPS-01903/dialogue-workflow/masks/message-mask-2223.pgm		아리스가 유괴됐어요.	12	15	2	2	32	96	0
0	2224	manual-validated		F:/workspace-server/create-retro-game-kr-patch-main/tmp/SLPS-01903/dialogue-workflow/masks/message-mask-2224.pgm		뭐 뭐라고요!? 자세히 말해봐요!	12	15	2	2	32	96	0
0	2225	manual-validated		F:/workspace-server/create-retro-game-kr-patch-main/tmp/SLPS-01903/dialogue-workflow/masks/message-mask-2225.pgm		교회의 아르바이트를 끝내고\n아리스를 찾으려고 했어요.\n그런데...	12	15	2	2	32	96	0
0	2226	manual-validated		F:/workspace-server/create-retro-game-kr-patch-main/tmp/SLPS-01903/dialogue-workflow/masks/message-mask-2226.pgm		... 그렇게 된 거예요.	12	15	2	2	32	96	0
0	2227	manual-validated		F:/workspace-server/create-retro-game-kr-patch-main/tmp/SLPS-01903/dialogue-workflow/masks/message-mask-2227.pgm		이런!	12	15	2	2	32	96	0
0	2228	manual-validated		F:/workspace-server/create-retro-game-kr-patch-main/tmp/SLPS-01903/dialogue-workflow/masks/message-mask-2228.pgm		그렇지만, 범인이 있는 곳을\n정확히 확인하고 왔어요.	12	15	2	2	32	96	0
0	2229	manual-validated		F:/workspace-server/create-retro-game-kr-patch-main/tmp/SLPS-01903/dialogue-workflow/masks/message-mask-2229.pgm		정말 잘했어요! \n그런데 그곳은 어디죠?	12	15	2	2	32	96	0
0	2230	manual-validated		F:/workspace-server/create-retro-game-kr-patch-main/tmp/SLPS-01903/dialogue-workflow/masks/message-mask-2230.pgm		예... 항구에 있는 커다란 창고예요.	12	15	2	2	32	96	0
0	2231	manual-validated		F:/workspace-server/create-retro-game-kr-patch-main/tmp/SLPS-01903/dialogue-workflow/masks/message-mask-2231.pgm		가자, 알!	12	15	2	2	32	96	0
0	2232	manual-validated		F:/workspace-server/create-retro-game-kr-patch-main/tmp/SLPS-01903/dialogue-workflow/masks/message-mask-2232.pgm		알았어.	12	15	2	2	32	96	0
0	2233	manual-validated		F:/workspace-server/create-retro-game-kr-patch-main/tmp/SLPS-01903/dialogue-workflow/masks/message-mask-2233.pgm		가스톤, 마크도갈씨를 부탁해요.	12	15	2	2	32	96	0
0	2234	manual-validated		F:/workspace-server/create-retro-game-kr-patch-main/tmp/SLPS-01903/dialogue-workflow/masks/message-mask-2234.pgm		알았어. 몸조심 해.	12	15	2	2	32	96	0
0	2235	manual-validated		F:/workspace-server/create-retro-game-kr-patch-main/tmp/SLPS-01903/dialogue-workflow/masks/message-mask-2235.pgm		아, 아리스는...?	12	15	2	2	32	96	0
0	2236	manual-validated		F:/workspace-server/create-retro-game-kr-patch-main/tmp/SLPS-01903/dialogue-workflow/masks/message-mask-2236.pgm		으, 그러니까... 아직 이야.	12	15	2	2	32	96	0
0	2237	manual-validated		F:/workspace-server/create-retro-game-kr-patch-main/tmp/SLPS-01903/dialogue-workflow/masks/message-mask-2237.pgm		으윽...	12	15	2	2	32	96	0
0	2238	manual-validated		F:/workspace-server/create-retro-game-kr-patch-main/tmp/SLPS-01903/dialogue-workflow/masks/message-mask-2238.pgm		뭐해!! 빨리 가야지!!	12	15	2	2	32	96	0
0	2239	manual-validated		F:/workspace-server/create-retro-game-kr-patch-main/tmp/SLPS-01903/dialogue-workflow/masks/message-mask-2239.pgm		어, 어떻게 하지요?	12	15	2	2	32	96	0
0	2240	manual-validated		F:/workspace-server/create-retro-game-kr-patch-main/tmp/SLPS-01903/dialogue-workflow/masks/message-mask-2240.pgm		적들이 의외로 적은데...\n모두 귀 좀 빌려줄래요?	12	15	2	2	32	96	0
0	2241	manual-validated		F:/workspace-server/create-retro-game-kr-patch-main/tmp/SLPS-01903/dialogue-workflow/masks/message-mask-2241.pgm		지루하군.	12	15	2	2	32	96	0
0	2242	manual-validated		F:/workspace-server/create-retro-game-kr-patch-main/tmp/SLPS-01903/dialogue-workflow/masks/message-mask-2242.pgm		아아. 빨리 저 개구쟁이의 \n파수꾼에서 해방시켜줘~	12	15	2	2	32	96	0
0	2243	manual-validated		F:/workspace-server/create-retro-game-kr-patch-main/tmp/SLPS-01903/dialogue-workflow/masks/message-mask-2243.pgm		말 다했어? 나쁜 놈들!	12	15	2	2	32	96	0
0	2244	manual-validated		F:/workspace-server/create-retro-game-kr-patch-main/tmp/SLPS-01903/dialogue-workflow/masks/message-mask-2244.pgm		뭐야!?	12	15	2	2	32	96	0
0	2245	manual-validated		F:/workspace-server/create-retro-game-kr-patch-main/tmp/SLPS-01903/dialogue-workflow/masks/message-mask-2245.pgm		누, 누구야!?	12	15	2	2	32	96	0
0	2246	manual-validated		F:/workspace-server/create-retro-game-kr-patch-main/tmp/SLPS-01903/dialogue-workflow/masks/message-mask-2246.pgm		어리고 귀여운 소녀를 납치한\n더러운 녀석들!	12	15	2	2	32	96	0
0	2247	manual-validated		F:/workspace-server/create-retro-game-kr-patch-main/tmp/SLPS-01903/dialogue-workflow/masks/message-mask-2247.pgm		내가 하늘을 대신해\n따끔한 맛을 보여주겠다!	12	15	2	2	32	96	0
0	2248	manual-validated		F:/workspace-server/create-retro-game-kr-patch-main/tmp/SLPS-01903/dialogue-workflow/masks/message-mask-2248.pgm		뭐야... 또 애송이잖아.	12	15	2	2	32	96	0
0	2249	manual-validated		F:/workspace-server/create-retro-game-kr-patch-main/tmp/SLPS-01903/dialogue-workflow/masks/message-mask-2249.pgm		숙녀에게 애송이라니 무슨 말씀!!?\n애송이라니!?	12	15	2	2	32	96	0
0	2250	manual-validated		F:/workspace-server/create-retro-game-kr-patch-main/tmp/SLPS-01903/dialogue-workflow/masks/message-mask-2250.pgm		저 녀석, 마크도갈의 수하인가?	12	15	2	2	32	96	0
0	2251	manual-validated		F:/workspace-server/create-retro-game-kr-patch-main/tmp/SLPS-01903/dialogue-workflow/masks/message-mask-2251.pgm		저런 애송이가? 농담이겠지.	12	15	2	2	32	96	0
0	2252	manual-validated		F:/workspace-server/create-retro-game-kr-patch-main/tmp/SLPS-01903/dialogue-workflow/masks/message-mask-2252.pgm		와하하하하	12	15	2	2	32	96	0
0	2253	manual-validated		F:/workspace-server/create-retro-game-kr-patch-main/tmp/SLPS-01903/dialogue-workflow/masks/message-mask-2253.pgm		그럼 어떻게 해줄까?	12	15	2	2	32	96	0
0	2254	manual-validated		F:/workspace-server/create-retro-game-kr-patch-main/tmp/SLPS-01903/dialogue-workflow/masks/message-mask-2254.pgm		어떻게 하지?	12	15	2	2	32	96	0
0	2255	manual-validated		F:/workspace-server/create-retro-game-kr-patch-main/tmp/SLPS-01903/dialogue-workflow/masks/message-mask-2255.pgm		뭐, 뭘 할 작정이야!?	12	15	2	2	32	96	0
0	2256	manual-validated		F:/workspace-server/create-retro-game-kr-patch-main/tmp/SLPS-01903/dialogue-workflow/masks/message-mask-2256.pgm		뭐야, 숙녀라면, 숙녀답게 \n취급해 달라 이건가?	12	15	2	2	32	96	0
0	2257	manual-validated		F:/workspace-server/create-retro-game-kr-patch-main/tmp/SLPS-01903/dialogue-workflow/masks/message-mask-2257.pgm		자, 잠깐!? 더이상 가까이 오면\n용서하지 않겠어!	12	15	2	2	32	96	0
0	2258	manual-validated		F:/workspace-server/create-retro-game-kr-patch-main/tmp/SLPS-01903/dialogue-workflow/masks/message-mask-2258.pgm		용서하지 않는다고? 그 뿐인가?	12	15	2	2	32	96	0
0	2259	manual-validated		F:/workspace-server/create-retro-game-kr-patch-main/tmp/SLPS-01903/dialogue-workflow/masks/message-mask-2259.pgm		오, 오지마!	12	15	2	2	32	96	0
0	2260	manual-validated		F:/workspace-server/create-retro-game-kr-patch-main/tmp/SLPS-01903/dialogue-workflow/masks/message-mask-2260.pgm		힛힛힛힛힛!	12	15	2	2	32	96	0
0	2261	manual-validated		F:/workspace-server/create-retro-game-kr-patch-main/tmp/SLPS-01903/dialogue-workflow/masks/message-mask-2261.pgm		알. 이제 됐어!	12	15	2	2	32	96	0
0	2262	manual-validated		F:/workspace-server/create-retro-game-kr-patch-main/tmp/SLPS-01903/dialogue-workflow/masks/message-mask-2262.pgm		너, 너!?	12	15	2	2	32	96	0
0	2263	manual-validated		F:/workspace-server/create-retro-game-kr-patch-main/tmp/SLPS-01903/dialogue-workflow/masks/message-mask-2263.pgm		후후후. 놀랐어?	12	15	2	2	32	96	0
0	2264	manual-validated		F:/workspace-server/create-retro-game-kr-patch-main/tmp/SLPS-01903/dialogue-workflow/masks/message-mask-2264.pgm		이건 사기야! 미인극이였어???	12	15	2	2	32	96	0
0	2265	manual-validated		F:/workspace-server/create-retro-game-kr-patch-main/tmp/SLPS-01903/dialogue-workflow/masks/message-mask-2265.pgm		틀렸어!!	12	15	2	2	32	96	0
0	2266	manual-validated		F:/workspace-server/create-retro-game-kr-patch-main/tmp/SLPS-01903/dialogue-workflow/masks/message-mask-2266.pgm		아~, 미인극이라니 그게 뭡니까?	12	15	2	2	32	96	0
0	2267	manual-validated		F:/workspace-server/create-retro-game-kr-patch-main/tmp/SLPS-01903/dialogue-workflow/masks/message-mask-2267.pgm		미인극은, 우선 여자가 남자를 \n끌어들이고,	12	15	2	2	32	96	0
0	2268	manual-validated		F:/workspace-server/create-retro-game-kr-patch-main/tmp/SLPS-01903/dialogue-workflow/masks/message-mask-2268.pgm		숨겨뒀던 동료 남자가 트집을\n잡아 돈을 뜯어내는 것. 뭐\n그런거야. 우리들도 자주해.	12	15	2	2	32	96	0
0	2269	manual-validated		F:/workspace-server/create-retro-game-kr-patch-main/tmp/SLPS-01903/dialogue-workflow/masks/message-mask-2269.pgm		그렇군요. 친절히 알려줘서\n고맙습니다.	12	15	2	2	32	96	0
0	2270	manual-validated		F:/workspace-server/create-retro-game-kr-patch-main/tmp/SLPS-01903/dialogue-workflow/masks/message-mask-2270.pgm		아니 무슨 그런 말씀을!	12	15	2	2	32	96	0
0	2271	manual-validated		F:/workspace-server/create-retro-game-kr-patch-main/tmp/SLPS-01903/dialogue-workflow/masks/message-mask-2271.pgm		알! 강좌를 듣자고 온건 아니잖아!	12	15	2	2	32	96	0
0	2272	manual-validated		F:/workspace-server/create-retro-game-kr-patch-main/tmp/SLPS-01903/dialogue-workflow/masks/message-mask-2272.pgm		아! 그렇군!	12	15	2	2	32	96	0
0	2273	manual-validated		F:/workspace-server/create-retro-game-kr-patch-main/tmp/SLPS-01903/dialogue-workflow/masks/message-mask-2273.pgm		아리스를 돌려줘!	12	15	2	2	32	96	0
0	2274	manual-validated		F:/workspace-server/create-retro-game-kr-patch-main/tmp/SLPS-01903/dialogue-workflow/masks/message-mask-2274.pgm		헤헤... 그렇게는 안되지!	12	15	2	2	32	96	0
0	2275	manual-validated		F:/workspace-server/create-retro-game-kr-patch-main/tmp/SLPS-01903/dialogue-workflow/masks/message-mask-2275.pgm		앗!!!!	12	15	2	2	32	96	0
0	2276	manual-validated		F:/workspace-server/create-retro-game-kr-patch-main/tmp/SLPS-01903/dialogue-workflow/masks/message-mask-2276.pgm		너, 너희들! 어느새!	12	15	2	2	32	96	0
0	2277	manual-validated		F:/workspace-server/create-retro-game-kr-patch-main/tmp/SLPS-01903/dialogue-workflow/masks/message-mask-2277.pgm		자아! 각오해라!	12	15	2	2	32	96	0
0	2278	manual-validated		F:/workspace-server/create-retro-game-kr-patch-main/tmp/SLPS-01903/dialogue-workflow/masks/message-mask-2278.pgm		시끄러워!	12	15	2	2	32	96	0
0	2279	manual-validated		F:/workspace-server/create-retro-game-kr-patch-main/tmp/SLPS-01903/dialogue-workflow/masks/message-mask-2279.pgm		처치해 버려!	12	15	2	2	32	96	0
0	2280	manual-validated		F:/workspace-server/create-retro-game-kr-patch-main/tmp/SLPS-01903/dialogue-workflow/masks/message-mask-2280.pgm		라딧슈, 빨리 아빠에게 알려줘요!	12	15	2	2	32	96	0
0	2281	manual-validated		F:/workspace-server/create-retro-game-kr-patch-main/tmp/SLPS-01903/dialogue-workflow/masks/message-mask-2281.pgm		아, 알았어.	12	15	2	2	32	96	0
0	2282	manual-validated		F:/workspace-server/create-retro-game-kr-patch-main/tmp/SLPS-01903/dialogue-workflow/masks/message-mask-2282.pgm		회복마법!?	12	15	2	2	32	96	0
0	2283	manual-validated		F:/workspace-server/create-retro-game-kr-patch-main/tmp/SLPS-01903/dialogue-workflow/masks/message-mask-2283.pgm		모두 나한테서 떨어지지 \n않게 주의해요!	12	15	2	2	32	96	0
0	2284	manual-validated		F:/workspace-server/create-retro-game-kr-patch-main/tmp/SLPS-01903/dialogue-workflow/masks/message-mask-2284.pgm		아리스! 좋아! \n백만대군을 얻은 것 같아!	12	15	2	2	32	96	0
0	2285	manual-validated		F:/workspace-server/create-retro-game-kr-patch-main/tmp/SLPS-01903/dialogue-workflow/masks/message-mask-2285.pgm		어떻게든 해결된 건가?	12	15	2	2	32	96	0
0	2286	manual-validated		F:/workspace-server/create-retro-game-kr-patch-main/tmp/SLPS-01903/dialogue-workflow/masks/message-mask-2286.pgm		나는 어떻게 하면 좋습니까?	12	15	2	2	32	96	0
0	2287	manual-validated		F:/workspace-server/create-retro-game-kr-patch-main/tmp/SLPS-01903/dialogue-workflow/masks/message-mask-2287.pgm		누가 좀 내려 주세~요.	12	15	2	2	32	96	0
0	2288	manual-validated		F:/workspace-server/create-retro-game-kr-patch-main/tmp/SLPS-01903/dialogue-workflow/masks/message-mask-2288.pgm		아빠!	12	15	2	2	32	96	0
0	2289	manual-validated		F:/workspace-server/create-retro-game-kr-patch-main/tmp/SLPS-01903/dialogue-workflow/masks/message-mask-2289.pgm		아리스!	12	15	2	2	32	96	0
0	2290	manual-validated		F:/workspace-server/create-retro-game-kr-patch-main/tmp/SLPS-01903/dialogue-workflow/masks/message-mask-2290.pgm		아아... 감동적입니다.	12	15	2	2	32	96	0
0	2291	manual-validated		F:/workspace-server/create-retro-game-kr-patch-main/tmp/SLPS-01903/dialogue-workflow/masks/message-mask-2291.pgm		잘됐어.	12	15	2	2	32	96	0
0	2292	manual-validated		F:/workspace-server/create-retro-game-kr-patch-main/tmp/SLPS-01903/dialogue-workflow/masks/message-mask-2292.pgm		응.	12	15	2	2	32	96	0
0	3001	manual-validated		F:/workspace-server/create-retro-game-kr-patch-main/tmp/SLPS-01903/dialogue-workflow/masks/message-mask-3001.pgm		자! 어제 일한 보수야.	12	15	2	2	32	96	0
0	3002	manual-validated		F:/workspace-server/create-retro-game-kr-patch-main/tmp/SLPS-01903/dialogue-workflow/masks/message-mask-3002.pgm		아니 이게 뭐야? 이렇게 \n조금이라니...이 마을의 \n제일 가는 부자잖아!?	12	15	2	2	32	96	0
0	3003	manual-validated		F:/workspace-server/create-retro-game-kr-patch-main/tmp/SLPS-01903/dialogue-workflow/masks/message-mask-3003.pgm		상대가 누구라도, 길드의 \n규정가격은 변하지 않아.	12	15	2	2	32	96	0
0	3004	manual-validated		F:/workspace-server/create-retro-game-kr-patch-main/tmp/SLPS-01903/dialogue-workflow/masks/message-mask-3004.pgm		유괴라고 해도, 정확히 말하자면\n이쪽에서 방심한 탓이기\n때문에 초과근무 수당도 없어.	12	15	2	2	32	96	0
0	3005	manual-validated		F:/workspace-server/create-retro-game-kr-patch-main/tmp/SLPS-01903/dialogue-workflow/masks/message-mask-3005.pgm		흥! 구두쇠...	12	15	2	2	32	96	0
0	3006	manual-validated		F:/workspace-server/create-retro-game-kr-patch-main/tmp/SLPS-01903/dialogue-workflow/masks/message-mask-3006.pgm		아, 아니, 마크도갈씨가 \n구두쇠라는 게 아니라...	12	15	2	2	32	96	0
0	3007	manual-validated		F:/workspace-server/create-retro-game-kr-patch-main/tmp/SLPS-01903/dialogue-workflow/masks/message-mask-3007.pgm		크, 큰일이야!	12	15	2	2	32	96	0
0	3008	manual-validated		F:/workspace-server/create-retro-game-kr-patch-main/tmp/SLPS-01903/dialogue-workflow/masks/message-mask-3008.pgm		예?	12	15	2	2	32	96	0
0	3009	manual-validated		F:/workspace-server/create-retro-game-kr-patch-main/tmp/SLPS-01903/dialogue-workflow/masks/message-mask-3009.pgm		아리스가 또 집을 나가 버렸어!!	12	15	2	2	32	96	0
0	3010	manual-validated		F:/workspace-server/create-retro-game-kr-patch-main/tmp/SLPS-01903/dialogue-workflow/masks/message-mask-3010.pgm		뭐라고요~~~~!?	12	15	2	2	32	96	0
0	3011	manual-validated		F:/workspace-server/create-retro-game-kr-patch-main/tmp/SLPS-01903/dialogue-workflow/masks/message-mask-3011.pgm		이번에는 무슨 일이 있었죠?	12	15	2	2	32	96	0
0	3012	manual-validated		F:/workspace-server/create-retro-game-kr-patch-main/tmp/SLPS-01903/dialogue-workflow/masks/message-mask-3012.pgm		아, 아리스가...\n터무니 없는 말을 했어.	12	15	2	2	32	96	0
0	3013	manual-validated		F:/workspace-server/create-retro-game-kr-patch-main/tmp/SLPS-01903/dialogue-workflow/masks/message-mask-3013.pgm		터무니 없다면?	12	15	2	2	32	96	0
0	3014	manual-validated		F:/workspace-server/create-retro-game-kr-patch-main/tmp/SLPS-01903/dialogue-workflow/masks/message-mask-3014.pgm		모험가가 될 거예요!!	12	15	2	2	32	96	0
0	3015	manual-validated		F:/workspace-server/create-retro-game-kr-patch-main/tmp/SLPS-01903/dialogue-workflow/masks/message-mask-3015.pgm		그, 그것은 좀...	12	15	2	2	32	96	0
0	3016	manual-validated		F:/workspace-server/create-retro-game-kr-patch-main/tmp/SLPS-01903/dialogue-workflow/masks/message-mask-3016.pgm		그 아이는 일단 말을 꺼내면 \n막을 수가 없어.	12	15	2	2	32	96	0
0	3017	manual-validated		F:/workspace-server/create-retro-game-kr-patch-main/tmp/SLPS-01903/dialogue-workflow/masks/message-mask-3017.pgm		실은, 오늘 자네들에게 \n부탁이 있어서 왔는데...	12	15	2	2	32	96	0
0	3018	manual-validated		F:/workspace-server/create-retro-game-kr-patch-main/tmp/SLPS-01903/dialogue-workflow/masks/message-mask-3018.pgm		뭔데요?	12	15	2	2	32	96	0
0	3019	manual-validated		F:/workspace-server/create-retro-game-kr-patch-main/tmp/SLPS-01903/dialogue-workflow/masks/message-mask-3019.pgm		음... 실은, 아리스를 \n돌봐 주지 않겠어?	12	15	2	2	32	96	0
0	3020	manual-validated		F:/workspace-server/create-retro-game-kr-patch-main/tmp/SLPS-01903/dialogue-workflow/masks/message-mask-3020.pgm		에에엣!?	12	15	2	2	32	96	0
0	3021	manual-validated		F:/workspace-server/create-retro-game-kr-patch-main/tmp/SLPS-01903/dialogue-workflow/masks/message-mask-3021.pgm			12	15	2	2	32	96	0
0	3022	manual-validated		F:/workspace-server/create-retro-game-kr-patch-main/tmp/SLPS-01903/dialogue-workflow/masks/message-mask-3022.pgm		아리스가 난폭한 사내들과 같이\n있게 하는 것은 절대 용납 못해!	12	15	2	2	32	96	0
0	3023	manual-validated		F:/workspace-server/create-retro-game-kr-patch-main/tmp/SLPS-01903/dialogue-workflow/masks/message-mask-3023.pgm		으~응	12	15	2	2	32	96	0
0	3024	manual-validated		F:/workspace-server/create-retro-game-kr-patch-main/tmp/SLPS-01903/dialogue-workflow/masks/message-mask-3024.pgm		그러나, 자네들이라면,\n맡겨도 좋을 것 같은 \n기분이 들어서...	12	15	2	2	32	96	0
0	3025	manual-validated		F:/workspace-server/create-retro-game-kr-patch-main/tmp/SLPS-01903/dialogue-workflow/masks/message-mask-3025.pgm		그, 그렇지만...	12	15	2	2	32	96	0
0	3026	manual-validated		F:/workspace-server/create-retro-game-kr-patch-main/tmp/SLPS-01903/dialogue-workflow/masks/message-mask-3026.pgm		아리스의 엄마는 병을 고치는 \n힘이 있었어. 아리스가 어렸을 때 \n죽었지만,	12	15	2	2	32	96	0
0	3027	manual-validated		F:/workspace-server/create-retro-game-kr-patch-main/tmp/SLPS-01903/dialogue-workflow/masks/message-mask-3027.pgm		죽기 전에 간단한 회복 마법을 \n가르쳐 준 것 같아. 반드시 도움이 \n될 때가 있을 꺼야.	12	15	2	2	32	96	0
0	3028	manual-validated		F:/workspace-server/create-retro-game-kr-patch-main/tmp/SLPS-01903/dialogue-workflow/masks/message-mask-3028.pgm		으음... 하긴....	12	15	2	2	32	96	0
0	3029	manual-validated		F:/workspace-server/create-retro-game-kr-patch-main/tmp/SLPS-01903/dialogue-workflow/masks/message-mask-3029.pgm		게다가, 생각해 보면 아리스에게는\n같은 또래의 친구가 거의 없어.	12	15	2	2	32	96	0
0	3030	manual-validated		F:/workspace-server/create-retro-game-kr-patch-main/tmp/SLPS-01903/dialogue-workflow/masks/message-mask-3030.pgm		물론 내 탓이기도 하지만...\n지금은 미안하게 생각하고 있지.	12	15	2	2	32	96	0
0	3031	manual-validated		F:/workspace-server/create-retro-game-kr-patch-main/tmp/SLPS-01903/dialogue-workflow/masks/message-mask-3031.pgm		마크도갈씨...	12	15	2	2	32	96	0
0	3032	manual-validated		F:/workspace-server/create-retro-game-kr-patch-main/tmp/SLPS-01903/dialogue-workflow/masks/message-mask-3032.pgm		미안합니다, 카린 있어요??\n아니...,아빠!?	12	15	2	2	32	96	0
0	3033	manual-validated		F:/workspace-server/create-retro-game-kr-patch-main/tmp/SLPS-01903/dialogue-workflow/masks/message-mask-3033.pgm		아리스! 기다려!	12	15	2	2	32	96	0
0	3034	manual-validated		F:/workspace-server/create-retro-game-kr-patch-main/tmp/SLPS-01903/dialogue-workflow/masks/message-mask-3034.pgm		지금, 카린에게 부탁하고 \n있던 중이야.\n너를 돌봐달라고 말이야.	12	15	2	2	32	96	0
0	3035	manual-validated		F:/workspace-server/create-retro-game-kr-patch-main/tmp/SLPS-01903/dialogue-workflow/masks/message-mask-3035.pgm		아빠... 그러면...	12	15	2	2	32	96	0
0	3036	manual-validated		F:/workspace-server/create-retro-game-kr-patch-main/tmp/SLPS-01903/dialogue-workflow/masks/message-mask-3036.pgm		음. 일행이 되는 것을 \n흔쾌히 허락해 주마.	12	15	2	2	32	96	0
0	3037	manual-validated		F:/workspace-server/create-retro-game-kr-patch-main/tmp/SLPS-01903/dialogue-workflow/masks/message-mask-3037.pgm		아니, 저, 아직 답변하지 \n않았지만...	12	15	2	2	32	96	0
0	3038	manual-validated		F:/workspace-server/create-retro-game-kr-patch-main/tmp/SLPS-01903/dialogue-workflow/masks/message-mask-3038.pgm		아빠, 고맙습니다!	12	15	2	2	32	96	0
0	3039	manual-validated		F:/workspace-server/create-retro-game-kr-patch-main/tmp/SLPS-01903/dialogue-workflow/masks/message-mask-3039.pgm		음, 너도 결국 집을 떠나는구나.\n쓸쓸하지만 어쩔 수 없지.	12	15	2	2	32	96	0
0	3040	manual-validated		F:/workspace-server/create-retro-game-kr-patch-main/tmp/SLPS-01903/dialogue-workflow/masks/message-mask-3040.pgm		아빠... 죄송해요.	12	15	2	2	32	96	0
0	3041	manual-validated		F:/workspace-server/create-retro-game-kr-patch-main/tmp/SLPS-01903/dialogue-workflow/masks/message-mask-3041.pgm		저-, 혹시?	12	15	2	2	32	96	0
0	3042	manual-validated		F:/workspace-server/create-retro-game-kr-patch-main/tmp/SLPS-01903/dialogue-workflow/masks/message-mask-3042.pgm		왜 그래? 회복 마법을 할 줄 아는\n동료가 있으면 마음이 \n든든해질텐데.	12	15	2	2	32	96	0
0	3043	manual-validated		F:/workspace-server/create-retro-game-kr-patch-main/tmp/SLPS-01903/dialogue-workflow/masks/message-mask-3043.pgm		그건, 그렇지만...	12	15	2	2	32	96	0
0	3044	manual-validated		F:/workspace-server/create-retro-game-kr-patch-main/tmp/SLPS-01903/dialogue-workflow/masks/message-mask-3044.pgm		마크도갈씨, 여러 가지\n준비를 해야 하니까 저희들은\n여관에서 기다리고 있겠습니다.	12	15	2	2	32	96	0
0	3045	manual-validated		F:/workspace-server/create-retro-game-kr-patch-main/tmp/SLPS-01903/dialogue-workflow/masks/message-mask-3045.pgm		음. 딸을 잘 부탁하네.	12	15	2	2	32	96	0
0	3046	manual-validated		F:/workspace-server/create-retro-game-kr-patch-main/tmp/SLPS-01903/dialogue-workflow/masks/message-mask-3046.pgm		자아, 좀 있다 만나요.	12	15	2	2	32	96	0
0	3047	manual-validated		F:/workspace-server/create-retro-game-kr-patch-main/tmp/SLPS-01903/dialogue-workflow/masks/message-mask-3047.pgm		예! 잘 부탁드립니다!	12	15	2	2	32	96	0
0	3048	manual-validated		F:/workspace-server/create-retro-game-kr-patch-main/tmp/SLPS-01903/dialogue-workflow/masks/message-mask-3048.pgm		어? 아리스는 어떻게 했어?	12	15	2	2	32	96	0
0	3049	manual-validated		F:/workspace-server/create-retro-game-kr-patch-main/tmp/SLPS-01903/dialogue-workflow/masks/message-mask-3049.pgm		깜빡했네! 여관에서 만나기로 했지!	12	15	2	2	32	96	0
0	3050	manual-validated		F:/workspace-server/create-retro-game-kr-patch-main/tmp/SLPS-01903/dialogue-workflow/masks/message-mask-3050.pgm		마크도갈씨도 상당히 집착이 \n심하군. 이렇게 준비금을 많이 \n가지고 오다니...	12	15	2	2	32	96	0
0	3051	manual-validated		F:/workspace-server/create-retro-game-kr-patch-main/tmp/SLPS-01903/dialogue-workflow/masks/message-mask-3051.pgm		에에. 그래도, 나는 그렇게 \n필요 없으니 여러분이 \n필요한 만큼 써 주세요.	12	15	2	2	32	96	0
0	3052	manual-validated		F:/workspace-server/create-retro-game-kr-patch-main/tmp/SLPS-01903/dialogue-workflow/masks/message-mask-3052.pgm		에엣? 그렇지만, 그렇다고 해도...	12	15	2	2	32	96	0
0	3053	manual-validated		F:/workspace-server/create-retro-game-kr-patch-main/tmp/SLPS-01903/dialogue-workflow/masks/message-mask-3053.pgm		그럼!? 고마워요!!	12	15	2	2	32	96	0
0	3054	manual-validated		F:/workspace-server/create-retro-game-kr-patch-main/tmp/SLPS-01903/dialogue-workflow/masks/message-mask-3054.pgm		.....	12	15	2	2	32	96	0
0	3055	manual-validated		F:/workspace-server/create-retro-game-kr-patch-main/tmp/SLPS-01903/dialogue-workflow/masks/message-mask-3055.pgm		아빠는 생활비 전부를 \n내주신다고 하셨지만,	12	15	2	2	32	96	0
0	3056	manual-validated		F:/workspace-server/create-retro-game-kr-patch-main/tmp/SLPS-01903/dialogue-workflow/masks/message-mask-3056.pgm		그렇게되면 밖으로 나온 \n의미가 없잖아요.\n그래서 거절했어요.	12	15	2	2	32	96	0
0	3057	manual-validated		F:/workspace-server/create-retro-game-kr-patch-main/tmp/SLPS-01903/dialogue-workflow/masks/message-mask-3057.pgm		그런가... 대단하군.	12	15	2	2	32	96	0
0	3058	manual-validated		F:/workspace-server/create-retro-game-kr-patch-main/tmp/SLPS-01903/dialogue-workflow/masks/message-mask-3058.pgm		저, 정말로... (쳇!)	12	15	2	2	32	96	0
0	3059	manual-validated		F:/workspace-server/create-retro-game-kr-patch-main/tmp/SLPS-01903/dialogue-workflow/masks/message-mask-3059.pgm		그럼, 오늘 일은 뭐죠?	12	15	2	2	32	96	0
0	3060	manual-validated		F:/workspace-server/create-retro-game-kr-patch-main/tmp/SLPS-01903/dialogue-workflow/masks/message-mask-3060.pgm		글쎄... 길드에 가볼까?	12	15	2	2	32	96	0
0	3061	manual-validated		F:/workspace-server/create-retro-game-kr-patch-main/tmp/SLPS-01903/dialogue-workflow/masks/message-mask-3061.pgm		일이 있긴 있어.	12	15	2	2	32	96	0
0	3062	manual-validated		F:/workspace-server/create-retro-game-kr-patch-main/tmp/SLPS-01903/dialogue-workflow/masks/message-mask-3062.pgm		들려 줘요.	12	15	2	2	32	96	0
0	3063	manual-validated		F:/workspace-server/create-retro-game-kr-patch-main/tmp/SLPS-01903/dialogue-workflow/masks/message-mask-3063.pgm		어린아이 한명이, 여기서 조금 \n떨어진 곳에 있는 산속에서 \n미아가 되었다	12	15	2	2	32	96	0
0	3064	manual-validated		F:/workspace-server/create-retro-game-kr-patch-main/tmp/SLPS-01903/dialogue-workflow/masks/message-mask-3064.pgm		대단한 몬스터가 있는 곳은 \n아니지만, 어린아이에게 \n있어서는	12	15	2	2	32	96	0
0	3065	manual-validated		F:/workspace-server/create-retro-game-kr-patch-main/tmp/SLPS-01903/dialogue-workflow/masks/message-mask-3065.pgm		생명에 관계된 일이지. 서둘러 \n도와주러 가야해. 어때, 하겠어? 	12	15	2	2	32	96	0
0	3066	manual-validated		F:/workspace-server/create-retro-game-kr-patch-main/tmp/SLPS-01903/dialogue-workflow/masks/message-mask-3066.pgm		할께요.	12	15	2	2	32	96	0
0	3067	manual-validated		F:/workspace-server/create-retro-game-kr-patch-main/tmp/SLPS-01903/dialogue-workflow/masks/message-mask-3067.pgm		또 어린아이?	12	15	2	2	32	96	0
0	3068	manual-validated		F:/workspace-server/create-retro-game-kr-patch-main/tmp/SLPS-01903/dialogue-workflow/masks/message-mask-3068.pgm		우리들이, 구해주러 가도 \n아이들 쪽에서 무서워서 \n도망쳐 버려. 그러니 부탁해.	12	15	2	2	32	96	0
0	3069	manual-validated		F:/workspace-server/create-retro-game-kr-patch-main/tmp/SLPS-01903/dialogue-workflow/masks/message-mask-3069.pgm		알았어요.	12	15	2	2	32	96	0
0	3070	manual-validated		F:/workspace-server/create-retro-game-kr-patch-main/tmp/SLPS-01903/dialogue-workflow/masks/message-mask-3070.pgm		최근, 악마가 돌아 다니니까, \n조심해.	12	15	2	2	32	96	0
0	3071	manual-validated		F:/workspace-server/create-retro-game-kr-patch-main/tmp/SLPS-01903/dialogue-workflow/masks/message-mask-3071.pgm		길가는 사람을 불러 세워, \n승부를 걸어, 있는 돈을 \n모두 빼앗아 가는 것 같아.	12	15	2	2	32	96	0
0	3072	manual-validated		F:/workspace-server/create-retro-game-kr-patch-main/tmp/SLPS-01903/dialogue-workflow/masks/message-mask-3072.pgm		악마!?	12	15	2	2	32	96	0
0	3073	manual-validated		F:/workspace-server/create-retro-game-kr-patch-main/tmp/SLPS-01903/dialogue-workflow/masks/message-mask-3073.pgm		하여튼 주의하는 게\n좋을 것 같아.	12	15	2	2	32	96	0
0	3074	manual-validated		F:/workspace-server/create-retro-game-kr-patch-main/tmp/SLPS-01903/dialogue-workflow/masks/message-mask-3074.pgm		뭐, 항상 셋이서 다니면 \n문제 없겠지만...	12	15	2	2	32	96	0
0	3075	manual-validated		F:/workspace-server/create-retro-game-kr-patch-main/tmp/SLPS-01903/dialogue-workflow/masks/message-mask-3075.pgm		고마워요. 주의할께요.	12	15	2	2	32	96	0
0	3076	manual-validated		F:/workspace-server/create-retro-game-kr-patch-main/tmp/SLPS-01903/dialogue-workflow/masks/message-mask-3076.pgm		그래, 좀 멀리까지 나가는 거야.	12	15	2	2	32	96	0
0	3077	manual-validated		F:/workspace-server/create-retro-game-kr-patch-main/tmp/SLPS-01903/dialogue-workflow/masks/message-mask-3077.pgm		첫 일이네요!? (두근두근)	12	15	2	2	32	96	0
0	3078	manual-validated		F:/workspace-server/create-retro-game-kr-patch-main/tmp/SLPS-01903/dialogue-workflow/masks/message-mask-3078.pgm		힘내!	12	15	2	2	32	96	0
0	3079	manual-validated		F:/workspace-server/create-retro-game-kr-patch-main/tmp/SLPS-01903/dialogue-workflow/masks/message-mask-3079.pgm		응? 어떻게 된 거야?	12	15	2	2	32	96	0
0	3080	manual-validated		F:/workspace-server/create-retro-game-kr-patch-main/tmp/SLPS-01903/dialogue-workflow/masks/message-mask-3080.pgm		예, 길 잃은 아이의 집은 어디죠?	12	15	2	2	32	96	0
0	3081	manual-validated		F:/workspace-server/create-retro-game-kr-patch-main/tmp/SLPS-01903/dialogue-workflow/masks/message-mask-3081.pgm		... 여기에서 좀 떨어진 산 속이야.	12	15	2	2	32	96	0
0	3082	manual-validated		F:/workspace-server/create-retro-game-kr-patch-main/tmp/SLPS-01903/dialogue-workflow/masks/message-mask-3082.pgm		산속 어딘지는 정확히 모르나요?	12	15	2	2	32	96	0
0	3083	manual-validated		F:/workspace-server/create-retro-game-kr-patch-main/tmp/SLPS-01903/dialogue-workflow/masks/message-mask-3083.pgm		미아라는 건, 집을 잘 모르니까,\n미아인 거 아니겠어?	12	15	2	2	32	96	0
0	3084	manual-validated		F:/workspace-server/create-retro-game-kr-patch-main/tmp/SLPS-01903/dialogue-workflow/masks/message-mask-3084.pgm		듣고 보니 그것도 그렇네요.	12	15	2	2	32	96	0
0	3085	manual-validated		F:/workspace-server/create-retro-game-kr-patch-main/tmp/SLPS-01903/dialogue-workflow/masks/message-mask-3085.pgm		그러니까, 찾아와 주길 바라는 거야.\n내 말뜻을 잘 알겠지?	12	15	2	2	32	96	0
0	3086	manual-validated		F:/workspace-server/create-retro-game-kr-patch-main/tmp/SLPS-01903/dialogue-workflow/masks/message-mask-3086.pgm		알겠어요. 다녀오겠습니다~	12	15	2	2	32	96	0
0	3087	manual-validated		F:/workspace-server/create-retro-game-kr-patch-main/tmp/SLPS-01903/dialogue-workflow/masks/message-mask-3087.pgm		... 괜찮을까?	12	15	2	2	32	96	0
0	3088	manual-validated		F:/workspace-server/create-retro-game-kr-patch-main/tmp/SLPS-01903/dialogue-workflow/masks/message-mask-3088.pgm		찾았다!	12	15	2	2	32	96	0
0	3089	manual-validated		F:/workspace-server/create-retro-game-kr-patch-main/tmp/SLPS-01903/dialogue-workflow/masks/message-mask-3089.pgm		너무해!	12	15	2	2	32	96	0
0	3090	manual-validated		F:/workspace-server/create-retro-game-kr-patch-main/tmp/SLPS-01903/dialogue-workflow/masks/message-mask-3090.pgm		고약한 냄새가 나는데...	12	15	2	2	32	96	0
0	3091	manual-validated		F:/workspace-server/create-retro-game-kr-patch-main/tmp/SLPS-01903/dialogue-workflow/masks/message-mask-3091.pgm		이 꼬마도 진흙투성이네?	12	15	2	2	32	96	0
0	3092	manual-validated		F:/workspace-server/create-retro-game-kr-patch-main/tmp/SLPS-01903/dialogue-workflow/masks/message-mask-3092.pgm		마을까지는 아직 멀었고...\n그래!	12	15	2	2	32	96	0
0	3093	manual-validated		F:/workspace-server/create-retro-game-kr-patch-main/tmp/SLPS-01903/dialogue-workflow/masks/message-mask-3093.pgm		좀 돌아가면 그곳에 \n샘이 있으니 몸을 씻고 가자!	12	15	2	2	32	96	0
0	3094	manual-validated		F:/workspace-server/create-retro-game-kr-patch-main/tmp/SLPS-01903/dialogue-workflow/masks/message-mask-3094.pgm		그러자. 나도 이대로는 \n너무 기분 나빠.	12	15	2	2	32	96	0
0	3095	manual-validated		F:/workspace-server/create-retro-game-kr-patch-main/tmp/SLPS-01903/dialogue-workflow/masks/message-mask-3095.pgm		너는 망봐!	12	15	2	2	32	96	0
0	3096	manual-validated		F:/workspace-server/create-retro-game-kr-patch-main/tmp/SLPS-01903/dialogue-workflow/masks/message-mask-3096.pgm		에!? 그런 일을...	12	15	2	2	32	96	0
0	3097	manual-validated		F:/workspace-server/create-retro-game-kr-patch-main/tmp/SLPS-01903/dialogue-workflow/masks/message-mask-3097.pgm		당연하잖아!? 숙녀가 세명이야!	12	15	2	2	32	96	0
0	3098	manual-validated		F:/workspace-server/create-retro-game-kr-patch-main/tmp/SLPS-01903/dialogue-workflow/masks/message-mask-3098.pgm		으... 미안합니다.	12	15	2	2	32	96	0
0	3099	manual-validated		F:/workspace-server/create-retro-game-kr-patch-main/tmp/SLPS-01903/dialogue-workflow/masks/message-mask-3099.pgm		그리고. 한가지 더	12	15	2	2	32	96	0
0	3100	manual-validated		F:/workspace-server/create-retro-game-kr-patch-main/tmp/SLPS-01903/dialogue-workflow/masks/message-mask-3100.pgm		뭔가요?	12	15	2	2	32	96	0
0	3101	manual-validated		F:/workspace-server/create-retro-game-kr-patch-main/tmp/SLPS-01903/dialogue-workflow/masks/message-mask-3101.pgm		엿보면 죽을 줄알아	12	15	2	2	32	96	0
0	3102	manual-validated		F:/workspace-server/create-retro-game-kr-patch-main/tmp/SLPS-01903/dialogue-workflow/masks/message-mask-3102.pgm		네...	12	15	2	2	32	96	0
0	3103	manual-validated		F:/workspace-server/create-retro-game-kr-patch-main/tmp/SLPS-01903/dialogue-workflow/masks/message-mask-3103.pgm		(멍~~~~)	12	15	2	2	32	96	0
0	3104	manual-validated		F:/workspace-server/create-retro-game-kr-patch-main/tmp/SLPS-01903/dialogue-workflow/masks/message-mask-3104.pgm		끼약~~악! 차가워!	12	15	2	2	32	96	0
0	3105	manual-validated		F:/workspace-server/create-retro-game-kr-patch-main/tmp/SLPS-01903/dialogue-workflow/masks/message-mask-3105.pgm		싫어, 카린~ 끼약!\n물 뿌리지 말아요!	12	15	2	2	32	96	0
0	3106	manual-validated		F:/workspace-server/create-retro-game-kr-patch-main/tmp/SLPS-01903/dialogue-workflow/masks/message-mask-3106.pgm		즐겁나 봐...?	12	15	2	2	32	96	0
0	3107	manual-validated		F:/workspace-server/create-retro-game-kr-patch-main/tmp/SLPS-01903/dialogue-workflow/masks/message-mask-3107.pgm		어이, 너!	12	15	2	2	32	96	0
0	3108	manual-validated		F:/workspace-server/create-retro-game-kr-patch-main/tmp/SLPS-01903/dialogue-workflow/masks/message-mask-3108.pgm		?	12	15	2	2	32	96	0
0	3109	manual-validated		F:/workspace-server/create-retro-game-kr-patch-main/tmp/SLPS-01903/dialogue-workflow/masks/message-mask-3109.pgm		너, 검사야?	12	15	2	2	32	96	0
0	3110	manual-validated		F:/workspace-server/create-retro-game-kr-patch-main/tmp/SLPS-01903/dialogue-workflow/masks/message-mask-3110.pgm		아 저, 일단...	12	15	2	2	32	96	0
0	3111	manual-validated		F:/workspace-server/create-retro-game-kr-patch-main/tmp/SLPS-01903/dialogue-workflow/masks/message-mask-3111.pgm		한번 나와 승부해 \n보지 않을래?	12	15	2	2	32	96	0
0	3112	manual-validated		F:/workspace-server/create-retro-game-kr-patch-main/tmp/SLPS-01903/dialogue-workflow/masks/message-mask-3112.pgm		뭐라고!?	12	15	2	2	32	96	0
0	3113	manual-validated		F:/workspace-server/create-retro-game-kr-patch-main/tmp/SLPS-01903/dialogue-workflow/masks/message-mask-3113.pgm		나에게 이기면, 나를 \n네 맘대로 해도 좋아.	12	15	2	2	32	96	0
0	3114	manual-validated		F:/workspace-server/create-retro-game-kr-patch-main/tmp/SLPS-01903/dialogue-workflow/masks/message-mask-3114.pgm		단, 지면 있는 돈 전부 두고 가.	12	15	2	2	32	96	0
0	3115	manual-validated		F:/workspace-server/create-retro-game-kr-patch-main/tmp/SLPS-01903/dialogue-workflow/masks/message-mask-3115.pgm		뭐, 뭐야, 느닷없이!	12	15	2	2	32	96	0
0	3116	manual-validated		F:/workspace-server/create-retro-game-kr-patch-main/tmp/SLPS-01903/dialogue-workflow/masks/message-mask-3116.pgm		문답무용! 간다!	12	15	2	2	32	96	0
0	3117	manual-validated		F:/workspace-server/create-retro-game-kr-patch-main/tmp/SLPS-01903/dialogue-workflow/masks/message-mask-3117.pgm		기다려!!	12	15	2	2	32	96	0
0	3118	manual-validated		F:/workspace-server/create-retro-game-kr-patch-main/tmp/SLPS-01903/dialogue-workflow/masks/message-mask-3118.pgm		우~우~!	12	15	2	2	32	96	0
0	3119	manual-validated		F:/workspace-server/create-retro-game-kr-patch-main/tmp/SLPS-01903/dialogue-workflow/masks/message-mask-3119.pgm		카, 카린!?	12	15	2	2	32	96	0
0	3120	manual-validated		F:/workspace-server/create-retro-game-kr-patch-main/tmp/SLPS-01903/dialogue-workflow/masks/message-mask-3120.pgm		훔쳐보고 있었어!?	12	15	2	2	32	96	0
0	3121	manual-validated		F:/workspace-server/create-retro-game-kr-patch-main/tmp/SLPS-01903/dialogue-workflow/masks/message-mask-3121.pgm		아..아니야, \n그럴 생각이 아니라...	12	15	2	2	32	96	0
0	3122	manual-validated		F:/workspace-server/create-retro-game-kr-patch-main/tmp/SLPS-01903/dialogue-workflow/masks/message-mask-3122.pgm		죽여버리겠어!	12	15	2	2	32	96	0
0	3123	manual-validated		F:/workspace-server/create-retro-game-kr-patch-main/tmp/SLPS-01903/dialogue-workflow/masks/message-mask-3123.pgm		으윽~!!	12	15	2	2	32	96	0
0	3124	manual-validated		F:/workspace-server/create-retro-game-kr-patch-main/tmp/SLPS-01903/dialogue-workflow/masks/message-mask-3124.pgm		꺄악~!\n덮치지 말아 주세요~!	12	15	2	2	32	96	0
0	3125	manual-validated		F:/workspace-server/create-retro-game-kr-patch-main/tmp/SLPS-01903/dialogue-workflow/masks/message-mask-3125.pgm		이런.. 어째서 내가...	12	15	2	2	32	96	0
0	3126	manual-validated		F:/workspace-server/create-retro-game-kr-patch-main/tmp/SLPS-01903/dialogue-workflow/masks/message-mask-3126.pgm		알! 아리스에게 \n무슨 짓을 하는 거야!	12	15	2	2	32	96	0
0	3127	manual-validated		F:/workspace-server/create-retro-game-kr-patch-main/tmp/SLPS-01903/dialogue-workflow/masks/message-mask-3127.pgm		그, 그런 말을 하다니, \n너희들이 이쪽으로 오니까...	12	15	2	2	32	96	0
0	3128	manual-validated		F:/workspace-server/create-retro-game-kr-patch-main/tmp/SLPS-01903/dialogue-workflow/masks/message-mask-3128.pgm		남자가 변명하지마!!	12	15	2	2	32	96	0
0	3129	manual-validated		F:/workspace-server/create-retro-game-kr-patch-main/tmp/SLPS-01903/dialogue-workflow/masks/message-mask-3129.pgm		그런~	12	15	2	2	32	96	0
0	3130	manual-validated		F:/workspace-server/create-retro-game-kr-patch-main/tmp/SLPS-01903/dialogue-workflow/masks/message-mask-3130.pgm		이런... 바보같이...	12	15	2	2	32	96	0
0	3131	manual-validated		F:/workspace-server/create-retro-game-kr-patch-main/tmp/SLPS-01903/dialogue-workflow/masks/message-mask-3131.pgm		변태, 각오해!!	12	15	2	2	32	96	0
0	3132	manual-validated		F:/workspace-server/create-retro-game-kr-patch-main/tmp/SLPS-01903/dialogue-workflow/masks/message-mask-3132.pgm		이, 이런... 내가, \n이런 변태에게 지다니...	12	15	2	2	32	96	0
0	3133	manual-validated		F:/workspace-server/create-retro-game-kr-patch-main/tmp/SLPS-01903/dialogue-workflow/masks/message-mask-3133.pgm		알았어! 항복! 항복이야!	12	15	2	2	32	96	0
0	3134	manual-validated		F:/workspace-server/create-retro-game-kr-patch-main/tmp/SLPS-01903/dialogue-workflow/masks/message-mask-3134.pgm		이야아, 졌다 졌어. \n너 꽤 센데?	12	15	2	2	32	96	0
0	3135	manual-validated		F:/workspace-server/create-retro-game-kr-patch-main/tmp/SLPS-01903/dialogue-workflow/masks/message-mask-3135.pgm		그, 그래?	12	15	2	2	32	96	0
0	3136	manual-validated		F:/workspace-server/create-retro-game-kr-patch-main/tmp/SLPS-01903/dialogue-workflow/masks/message-mask-3136.pgm		알에게... 알에게 지다니.\n중얼~중얼~중얼~	12	15	2	2	32	96	0
0	3137	manual-validated		F:/workspace-server/create-retro-game-kr-patch-main/tmp/SLPS-01903/dialogue-workflow/masks/message-mask-3137.pgm		카린?\n... 괜찮아?	12	15	2	2	32	96	0
0	3138	manual-validated		F:/workspace-server/create-retro-game-kr-patch-main/tmp/SLPS-01903/dialogue-workflow/masks/message-mask-3138.pgm		어이, 너!	12	15	2	2	32	96	0
0	3139	manual-validated		F:/workspace-server/create-retro-game-kr-patch-main/tmp/SLPS-01903/dialogue-workflow/masks/message-mask-3139.pgm		?	12	15	2	2	32	96	0
0	3140	manual-validated		F:/workspace-server/create-retro-game-kr-patch-main/tmp/SLPS-01903/dialogue-workflow/masks/message-mask-3140.pgm		어디를 보고 있는 거야!? \n여기야, 여기!	12	15	2	2	32	96	0
0	3141	manual-validated		F:/workspace-server/create-retro-game-kr-patch-main/tmp/SLPS-01903/dialogue-workflow/masks/message-mask-3141.pgm		아~ 시원하다.	12	15	2	2	32	96	0
0	3142	manual-validated		F:/workspace-server/create-retro-game-kr-patch-main/tmp/SLPS-01903/dialogue-workflow/masks/message-mask-3142.pgm		어머? 누군가 있네.	12	15	2	2	32	96	0
0	3143	manual-validated		F:/workspace-server/create-retro-game-kr-patch-main/tmp/SLPS-01903/dialogue-workflow/masks/message-mask-3143.pgm		음, 이봐	12	15	2	2	32	96	0
0	3144	manual-validated		F:/workspace-server/create-retro-game-kr-patch-main/tmp/SLPS-01903/dialogue-workflow/masks/message-mask-3144.pgm		응?	12	15	2	2	32	96	0
0	3145	manual-validated		F:/workspace-server/create-retro-game-kr-patch-main/tmp/SLPS-01903/dialogue-workflow/masks/message-mask-3145.pgm		나와 결혼해 줘!	12	15	2	2	32	96	0
0	3146	manual-validated		F:/workspace-server/create-retro-game-kr-patch-main/tmp/SLPS-01903/dialogue-workflow/masks/message-mask-3146.pgm		에에에엣~~~~!?	12	15	2	2	32	96	0
0	3147	manual-validated		F:/workspace-server/create-retro-game-kr-patch-main/tmp/SLPS-01903/dialogue-workflow/masks/message-mask-3147.pgm		오, 이름이 사라라고?	12	15	2	2	32	96	0
0	3148	manual-validated		F:/workspace-server/create-retro-game-kr-patch-main/tmp/SLPS-01903/dialogue-workflow/masks/message-mask-3148.pgm		저 애가 소문의 악마?	12	15	2	2	32	96	0
0	3149	manual-validated		F:/workspace-server/create-retro-game-kr-patch-main/tmp/SLPS-01903/dialogue-workflow/masks/message-mask-3149.pgm		아마 틀림없을 거야	12	15	2	2	32	96	0
0	3150	manual-validated		F:/workspace-server/create-retro-game-kr-patch-main/tmp/SLPS-01903/dialogue-workflow/masks/message-mask-3150.pgm		어떻게 된 거야?	12	15	2	2	32	96	0
0	3151	manual-validated		F:/workspace-server/create-retro-game-kr-patch-main/tmp/SLPS-01903/dialogue-workflow/masks/message-mask-3151.pgm		지금까지 길가는 남자들을 \n때려 눕힌 이유는,	12	15	2	2	32	96	0
0	3152	manual-validated		F:/workspace-server/create-retro-game-kr-patch-main/tmp/SLPS-01903/dialogue-workflow/masks/message-mask-3152.pgm		모두 다 자신의 신랑감 \n테스트를 했던 것 같아.	12	15	2	2	32	96	0
0	3153	manual-validated		F:/workspace-server/create-retro-game-kr-patch-main/tmp/SLPS-01903/dialogue-workflow/masks/message-mask-3153.pgm		아직도 자기보다 강한 사람의\n아내가 되려는 사람이 있다니. \n시대착오야!	12	15	2	2	32	96	0
0	3154	manual-validated		F:/workspace-server/create-retro-game-kr-patch-main/tmp/SLPS-01903/dialogue-workflow/masks/message-mask-3154.pgm		천연기념물이라고나 할까.	12	15	2	2	32	96	0
0	3155	manual-validated		F:/workspace-server/create-retro-game-kr-patch-main/tmp/SLPS-01903/dialogue-workflow/masks/message-mask-3155.pgm		카린... 도와줘.	12	15	2	2	32	96	0
0	3156	manual-validated		F:/workspace-server/create-retro-game-kr-patch-main/tmp/SLPS-01903/dialogue-workflow/masks/message-mask-3156.pgm		우후후후후	12	15	2	2	32	96	0
0	3157	manual-validated		F:/workspace-server/create-retro-game-kr-patch-main/tmp/SLPS-01903/dialogue-workflow/masks/message-mask-3157.pgm		아무튼, 이곳에 계속 앉아있는건\n실례지?	12	15	2	2	32	96	0
0	3158	manual-validated		F:/workspace-server/create-retro-game-kr-patch-main/tmp/SLPS-01903/dialogue-workflow/masks/message-mask-3158.pgm		받을 건 받고, 빨리빨리 데리고\n나가는 게 좋아.	12	15	2	2	32	96	0
0	3159	manual-validated		F:/workspace-server/create-retro-game-kr-patch-main/tmp/SLPS-01903/dialogue-workflow/masks/message-mask-3159.pgm		알았어요. 알았다고!	12	15	2	2	32	96	0
0	3160	manual-validated		F:/workspace-server/create-retro-game-kr-patch-main/tmp/SLPS-01903/dialogue-workflow/masks/message-mask-3160.pgm		너희들, 모험가지?\n나도 팀에 끼워 줘.	12	15	2	2	32	96	0
0	3161	manual-validated		F:/workspace-server/create-retro-game-kr-patch-main/tmp/SLPS-01903/dialogue-workflow/masks/message-mask-3161.pgm		카, 카린...	12	15	2	2	32	96	0
0	3162	manual-validated		F:/workspace-server/create-retro-game-kr-patch-main/tmp/SLPS-01903/dialogue-workflow/masks/message-mask-3162.pgm		(그러고 보니 이 사람...\n알과 대등하게 싸운 것 같은데?)	12	15	2	2	32	96	0
0	3163	manual-validated		F:/workspace-server/create-retro-game-kr-patch-main/tmp/SLPS-01903/dialogue-workflow/masks/message-mask-3163.pgm		카린...?	12	15	2	2	32	96	0
0	3164	manual-validated		F:/workspace-server/create-retro-game-kr-patch-main/tmp/SLPS-01903/dialogue-workflow/masks/message-mask-3164.pgm		나는 카린. 나야말로 환영해.	12	15	2	2	32	96	0
0	3165	manual-validated		F:/workspace-server/create-retro-game-kr-patch-main/tmp/SLPS-01903/dialogue-workflow/masks/message-mask-3165.pgm		카, 카카카카린!?	12	15	2	2	32	96	0
0	3166	manual-validated		F:/workspace-server/create-retro-game-kr-patch-main/tmp/SLPS-01903/dialogue-workflow/masks/message-mask-3166.pgm		어때? 어차피, 전사담당이 앞으로\n한명 더 있었으면 하던 참이야.	12	15	2	2	32	96	0
0	3167	manual-validated		F:/workspace-server/create-retro-game-kr-patch-main/tmp/SLPS-01903/dialogue-workflow/masks/message-mask-3167.pgm		지금 이 대로면 팀 균형이 \n잡히지 않거든.	12	15	2	2	32	96	0
0	3168	manual-validated		F:/workspace-server/create-retro-game-kr-patch-main/tmp/SLPS-01903/dialogue-workflow/masks/message-mask-3168.pgm		그런... 흐흑...	12	15	2	2	32	96	0
0	3169	manual-validated		F:/workspace-server/create-retro-game-kr-patch-main/tmp/SLPS-01903/dialogue-workflow/masks/message-mask-3169.pgm		뭐야. 내가 그렇게 싫은 거야?	12	15	2	2	32	96	0
0	3170	manual-validated		F:/workspace-server/create-retro-game-kr-patch-main/tmp/SLPS-01903/dialogue-workflow/masks/message-mask-3170.pgm		아, 아니. 그런 뜻이 아니라...	12	15	2	2	32	96	0
0	3171	manual-validated		F:/workspace-server/create-retro-game-kr-patch-main/tmp/SLPS-01903/dialogue-workflow/masks/message-mask-3171.pgm		그런데, ... 아리스라고 했나. \n괜찮아?	12	15	2	2	32	96	0
0	3172	manual-validated		F:/workspace-server/create-retro-game-kr-patch-main/tmp/SLPS-01903/dialogue-workflow/masks/message-mask-3172.pgm		처음한 모험이라서 지친 것 같아.\n오늘은 이만 쉬는 게 어때요?	12	15	2	2	32	96	0
0	3173	manual-validated		F:/workspace-server/create-retro-game-kr-patch-main/tmp/SLPS-01903/dialogue-workflow/masks/message-mask-3173.pgm		...지쳤어.	12	15	2	2	32	96	0
0	3174	manual-validated		F:/workspace-server/create-retro-game-kr-patch-main/tmp/SLPS-01903/dialogue-workflow/masks/message-mask-3174.pgm		우와아아아아아앗!	12	15	2	2	32	96	0
0	3175	manual-validated		F:/workspace-server/create-retro-game-kr-patch-main/tmp/SLPS-01903/dialogue-workflow/masks/message-mask-3175.pgm		왜.. 무슨 일 있어?	12	15	2	2	32	96	0
0	3176	manual-validated		F:/workspace-server/create-retro-game-kr-patch-main/tmp/SLPS-01903/dialogue-workflow/masks/message-mask-3176.pgm		무슨말 하는 거야.\n부부는 같은 방에서 \n잠자는 거 아니야?	12	15	2	2	32	96	0
0	3177	manual-validated		F:/workspace-server/create-retro-game-kr-patch-main/tmp/SLPS-01903/dialogue-workflow/masks/message-mask-3177.pgm		으, 으으윽!?	12	15	2	2	32	96	0
0	3178	manual-validated		F:/workspace-server/create-retro-game-kr-patch-main/tmp/SLPS-01903/dialogue-workflow/masks/message-mask-3178.pgm		너는 이방이 아니야!!!	12	15	2	2	32	96	0
0	3179	manual-validated		F:/workspace-server/create-retro-game-kr-patch-main/tmp/SLPS-01903/dialogue-workflow/masks/message-mask-3179.pgm		나... 이제부터 \n어떻게 되는 거지?	12	15	2	2	32	96	0
0	4001	script-scan+manual	313:20:0xb05	F:/workspace-server/create-retro-game-kr-patch-main/tmp/SLPS-01903/dialogue-workflow/masks/message-mask-4001.pgm		아, 저...	12	15	2	2	32	96	0
0	4002	manual-validated		F:/workspace-server/create-retro-game-kr-patch-main/tmp/SLPS-01903/dialogue-workflow/masks/message-mask-4002.pgm		우후후후후후후	12	15	2	2	32	96	0
0	4003	script-scan+manual	313:5:0x600	F:/workspace-server/create-retro-game-kr-patch-main/tmp/SLPS-01903/dialogue-workflow/masks/message-mask-4003.pgm		(으음... 불끈! 뿔끈!)	12	15	2	2	32	96	0
0	4004	script-scan+manual	313:6:0x644	F:/workspace-server/create-retro-game-kr-patch-main/tmp/SLPS-01903/dialogue-workflow/masks/message-mask-4004.pgm			12	15	2	2	32	96	0
0	4005	script-scan+manual	313:13:0x786	F:/workspace-server/create-retro-game-kr-patch-main/tmp/SLPS-01903/dialogue-workflow/masks/message-mask-4005.pgm			12	15	2	2	32	96	0
0	4006	manual-validated		F:/workspace-server/create-retro-game-kr-patch-main/tmp/SLPS-01903/dialogue-workflow/masks/message-mask-4006.pgm			12	15	2	2	32	96	0
0	4007	script-scan+manual	313:23:0xc42	F:/workspace-server/create-retro-game-kr-patch-main/tmp/SLPS-01903/dialogue-workflow/masks/message-mask-4007.pgm			12	15	2	2	32	96	0
0	4008	manual-validated		F:/workspace-server/create-retro-game-kr-patch-main/tmp/SLPS-01903/dialogue-workflow/masks/message-mask-4008.pgm			12	15	2	2	32	96	0
0	4009	manual-validated		F:/workspace-server/create-retro-game-kr-patch-main/tmp/SLPS-01903/dialogue-workflow/masks/message-mask-4009.pgm			12	15	2	2	32	96	0
0	4010	manual-validated		F:/workspace-server/create-retro-game-kr-patch-main/tmp/SLPS-01903/dialogue-workflow/masks/message-mask-4010.pgm			12	15	2	2	32	96	0
0	4011	manual-validated		F:/workspace-server/create-retro-game-kr-patch-main/tmp/SLPS-01903/dialogue-workflow/masks/message-mask-4011.pgm			12	15	2	2	32	96	0
0	4012	manual-validated		F:/workspace-server/create-retro-game-kr-patch-main/tmp/SLPS-01903/dialogue-workflow/masks/message-mask-4012.pgm			12	15	2	2	32	96	0
0	4013	manual-validated		F:/workspace-server/create-retro-game-kr-patch-main/tmp/SLPS-01903/dialogue-workflow/masks/message-mask-4013.pgm			12	15	2	2	32	96	0
0	4014	manual-validated		F:/workspace-server/create-retro-game-kr-patch-main/tmp/SLPS-01903/dialogue-workflow/masks/message-mask-4014.pgm			12	15	2	2	32	96	0
0	4015	manual-validated		F:/workspace-server/create-retro-game-kr-patch-main/tmp/SLPS-01903/dialogue-workflow/masks/message-mask-4015.pgm			12	15	2	2	32	96	0
0	4016	manual-validated		F:/workspace-server/create-retro-game-kr-patch-main/tmp/SLPS-01903/dialogue-workflow/masks/message-mask-4016.pgm			12	15	2	2	32	96	0
0	4017	manual-validated		F:/workspace-server/create-retro-game-kr-patch-main/tmp/SLPS-01903/dialogue-workflow/masks/message-mask-4017.pgm			12	15	2	2	32	96	0
0	4018	manual-validated		F:/workspace-server/create-retro-game-kr-patch-main/tmp/SLPS-01903/dialogue-workflow/masks/message-mask-4018.pgm			12	15	2	2	32	96	0
0	4019	manual-validated		F:/workspace-server/create-retro-game-kr-patch-main/tmp/SLPS-01903/dialogue-workflow/masks/message-mask-4019.pgm			12	15	2	2	32	96	0
0	4020	manual-validated		F:/workspace-server/create-retro-game-kr-patch-main/tmp/SLPS-01903/dialogue-workflow/masks/message-mask-4020.pgm			12	15	2	2	32	96	0
0	4021	manual-validated		F:/workspace-server/create-retro-game-kr-patch-main/tmp/SLPS-01903/dialogue-workflow/masks/message-mask-4021.pgm			12	15	2	2	32	96	0
0	4022	manual-validated		F:/workspace-server/create-retro-game-kr-patch-main/tmp/SLPS-01903/dialogue-workflow/masks/message-mask-4022.pgm			12	15	2	2	32	96	0
0	4023	manual-validated		F:/workspace-server/create-retro-game-kr-patch-main/tmp/SLPS-01903/dialogue-workflow/masks/message-mask-4023.pgm			12	15	2	2	32	96	0
0	4024	manual-validated		F:/workspace-server/create-retro-game-kr-patch-main/tmp/SLPS-01903/dialogue-workflow/masks/message-mask-4024.pgm			12	15	2	2	32	96	0
0	4025	manual-validated		F:/workspace-server/create-retro-game-kr-patch-main/tmp/SLPS-01903/dialogue-workflow/masks/message-mask-4025.pgm			12	15	2	2	32	96	0
0	4026	manual-validated		F:/workspace-server/create-retro-game-kr-patch-main/tmp/SLPS-01903/dialogue-workflow/masks/message-mask-4026.pgm			12	15	2	2	32	96	0
0	4027	manual-validated		F:/workspace-server/create-retro-game-kr-patch-main/tmp/SLPS-01903/dialogue-workflow/masks/message-mask-4027.pgm			12	15	2	2	32	96	0
0	4028	manual-validated		F:/workspace-server/create-retro-game-kr-patch-main/tmp/SLPS-01903/dialogue-workflow/masks/message-mask-4028.pgm			12	15	2	2	32	96	0
0	4029	manual-validated		F:/workspace-server/create-retro-game-kr-patch-main/tmp/SLPS-01903/dialogue-workflow/masks/message-mask-4029.pgm			12	15	2	2	32	96	0
0	4030	manual-validated		F:/workspace-server/create-retro-game-kr-patch-main/tmp/SLPS-01903/dialogue-workflow/masks/message-mask-4030.pgm			12	15	2	2	32	96	0
0	4031	manual-validated		F:/workspace-server/create-retro-game-kr-patch-main/tmp/SLPS-01903/dialogue-workflow/masks/message-mask-4031.pgm			12	15	2	2	32	96	0
0	4032	manual-validated		F:/workspace-server/create-retro-game-kr-patch-main/tmp/SLPS-01903/dialogue-workflow/masks/message-mask-4032.pgm			12	15	2	2	32	96	0
0	4033	manual-validated		F:/workspace-server/create-retro-game-kr-patch-main/tmp/SLPS-01903/dialogue-workflow/masks/message-mask-4033.pgm			12	15	2	2	32	96	0
0	4034	manual-validated		F:/workspace-server/create-retro-game-kr-patch-main/tmp/SLPS-01903/dialogue-workflow/masks/message-mask-4034.pgm			12	15	2	2	32	96	0
0	4035	manual-validated		F:/workspace-server/create-retro-game-kr-patch-main/tmp/SLPS-01903/dialogue-workflow/masks/message-mask-4035.pgm			12	15	2	2	32	96	0
0	4036	manual-validated		F:/workspace-server/create-retro-game-kr-patch-main/tmp/SLPS-01903/dialogue-workflow/masks/message-mask-4036.pgm			12	15	2	2	32	96	0
0	4037	manual-validated		F:/workspace-server/create-retro-game-kr-patch-main/tmp/SLPS-01903/dialogue-workflow/masks/message-mask-4037.pgm			12	15	2	2	32	96	0
0	4038	manual-validated		F:/workspace-server/create-retro-game-kr-patch-main/tmp/SLPS-01903/dialogue-workflow/masks/message-mask-4038.pgm			12	15	2	2	32	96	0
0	4039	manual-validated		F:/workspace-server/create-retro-game-kr-patch-main/tmp/SLPS-01903/dialogue-workflow/masks/message-mask-4039.pgm			12	15	2	2	32	96	0
0	4040	manual-validated		F:/workspace-server/create-retro-game-kr-patch-main/tmp/SLPS-01903/dialogue-workflow/masks/message-mask-4040.pgm			12	15	2	2	32	96	0
0	4041	manual-validated		F:/workspace-server/create-retro-game-kr-patch-main/tmp/SLPS-01903/dialogue-workflow/masks/message-mask-4041.pgm			12	15	2	2	32	96	0
0	4042	manual-validated		F:/workspace-server/create-retro-game-kr-patch-main/tmp/SLPS-01903/dialogue-workflow/masks/message-mask-4042.pgm			12	15	2	2	32	96	0
0	4043	manual-validated		F:/workspace-server/create-retro-game-kr-patch-main/tmp/SLPS-01903/dialogue-workflow/masks/message-mask-4043.pgm			12	15	2	2	32	96	0
0	4044	manual-validated		F:/workspace-server/create-retro-game-kr-patch-main/tmp/SLPS-01903/dialogue-workflow/masks/message-mask-4044.pgm			12	15	2	2	32	96	0
0	4045	manual-validated		F:/workspace-server/create-retro-game-kr-patch-main/tmp/SLPS-01903/dialogue-workflow/masks/message-mask-4045.pgm			12	15	2	2	32	96	0
0	4046	manual-validated		F:/workspace-server/create-retro-game-kr-patch-main/tmp/SLPS-01903/dialogue-workflow/masks/message-mask-4046.pgm			12	15	2	2	32	96	0
0	4047	manual-validated		F:/workspace-server/create-retro-game-kr-patch-main/tmp/SLPS-01903/dialogue-workflow/masks/message-mask-4047.pgm			12	15	2	2	32	96	0
0	4048	manual-validated		F:/workspace-server/create-retro-game-kr-patch-main/tmp/SLPS-01903/dialogue-workflow/masks/message-mask-4048.pgm			12	15	2	2	32	96	0
0	4049	manual-validated		F:/workspace-server/create-retro-game-kr-patch-main/tmp/SLPS-01903/dialogue-workflow/masks/message-mask-4049.pgm			12	15	2	2	32	96	0
0	4050	manual-validated		F:/workspace-server/create-retro-game-kr-patch-main/tmp/SLPS-01903/dialogue-workflow/masks/message-mask-4050.pgm			12	15	2	2	32	96	0
0	4051	manual-validated		F:/workspace-server/create-retro-game-kr-patch-main/tmp/SLPS-01903/dialogue-workflow/masks/message-mask-4051.pgm			12	15	2	2	32	96	0
0	4052	manual-validated		F:/workspace-server/create-retro-game-kr-patch-main/tmp/SLPS-01903/dialogue-workflow/masks/message-mask-4052.pgm			12	15	2	2	32	96	0
0	4053	manual-validated		F:/workspace-server/create-retro-game-kr-patch-main/tmp/SLPS-01903/dialogue-workflow/masks/message-mask-4053.pgm			12	15	2	2	32	96	0
0	4054	manual-validated		F:/workspace-server/create-retro-game-kr-patch-main/tmp/SLPS-01903/dialogue-workflow/masks/message-mask-4054.pgm			12	15	2	2	32	96	0
0	4055	manual-validated		F:/workspace-server/create-retro-game-kr-patch-main/tmp/SLPS-01903/dialogue-workflow/masks/message-mask-4055.pgm			12	15	2	2	32	96	0
0	4056	manual-validated		F:/workspace-server/create-retro-game-kr-patch-main/tmp/SLPS-01903/dialogue-workflow/masks/message-mask-4056.pgm			12	15	2	2	32	96	0
0	4057	manual-validated		F:/workspace-server/create-retro-game-kr-patch-main/tmp/SLPS-01903/dialogue-workflow/masks/message-mask-4057.pgm			12	15	2	2	32	96	0
0	4058	manual-validated		F:/workspace-server/create-retro-game-kr-patch-main/tmp/SLPS-01903/dialogue-workflow/masks/message-mask-4058.pgm			12	15	2	2	32	96	0
0	4059	manual-validated		F:/workspace-server/create-retro-game-kr-patch-main/tmp/SLPS-01903/dialogue-workflow/masks/message-mask-4059.pgm			12	15	2	2	32	96	0
0	4060	manual-validated		F:/workspace-server/create-retro-game-kr-patch-main/tmp/SLPS-01903/dialogue-workflow/masks/message-mask-4060.pgm			12	15	2	2	32	96	0
0	4061	manual-validated		F:/workspace-server/create-retro-game-kr-patch-main/tmp/SLPS-01903/dialogue-workflow/masks/message-mask-4061.pgm			12	15	2	2	32	96	0
0	4062	manual-validated		F:/workspace-server/create-retro-game-kr-patch-main/tmp/SLPS-01903/dialogue-workflow/masks/message-mask-4062.pgm			12	15	2	2	32	96	0
0	4063	manual-validated		F:/workspace-server/create-retro-game-kr-patch-main/tmp/SLPS-01903/dialogue-workflow/masks/message-mask-4063.pgm			12	15	2	2	32	96	0
0	4064	manual-validated		F:/workspace-server/create-retro-game-kr-patch-main/tmp/SLPS-01903/dialogue-workflow/masks/message-mask-4064.pgm			12	15	2	2	32	96	0
0	4065	manual-validated		F:/workspace-server/create-retro-game-kr-patch-main/tmp/SLPS-01903/dialogue-workflow/masks/message-mask-4065.pgm			12	15	2	2	32	96	0
0	4066	manual-validated		F:/workspace-server/create-retro-game-kr-patch-main/tmp/SLPS-01903/dialogue-workflow/masks/message-mask-4066.pgm			12	15	2	2	32	96	0
0	4067	manual-validated		F:/workspace-server/create-retro-game-kr-patch-main/tmp/SLPS-01903/dialogue-workflow/masks/message-mask-4067.pgm			12	15	2	2	32	96	0
0	4068	manual-validated		F:/workspace-server/create-retro-game-kr-patch-main/tmp/SLPS-01903/dialogue-workflow/masks/message-mask-4068.pgm			12	15	2	2	32	96	0
0	4069	manual-validated		F:/workspace-server/create-retro-game-kr-patch-main/tmp/SLPS-01903/dialogue-workflow/masks/message-mask-4069.pgm			12	15	2	2	32	96	0
0	4070	manual-validated		F:/workspace-server/create-retro-game-kr-patch-main/tmp/SLPS-01903/dialogue-workflow/masks/message-mask-4070.pgm			12	15	2	2	32	96	0
0	4071	manual-validated		F:/workspace-server/create-retro-game-kr-patch-main/tmp/SLPS-01903/dialogue-workflow/masks/message-mask-4071.pgm			12	15	2	2	32	96	0
0	4072	manual-validated		F:/workspace-server/create-retro-game-kr-patch-main/tmp/SLPS-01903/dialogue-workflow/masks/message-mask-4072.pgm			12	15	2	2	32	96	0
0	4073	manual-validated		F:/workspace-server/create-retro-game-kr-patch-main/tmp/SLPS-01903/dialogue-workflow/masks/message-mask-4073.pgm			12	15	2	2	32	96	0
0	4074	manual-validated		F:/workspace-server/create-retro-game-kr-patch-main/tmp/SLPS-01903/dialogue-workflow/masks/message-mask-4074.pgm			12	15	2	2	32	96	0
0	4075	manual-validated		F:/workspace-server/create-retro-game-kr-patch-main/tmp/SLPS-01903/dialogue-workflow/masks/message-mask-4075.pgm			12	15	2	2	32	96	0
0	4076	manual-validated		F:/workspace-server/create-retro-game-kr-patch-main/tmp/SLPS-01903/dialogue-workflow/masks/message-mask-4076.pgm			12	15	2	2	32	96	0
0	4077	manual-validated		F:/workspace-server/create-retro-game-kr-patch-main/tmp/SLPS-01903/dialogue-workflow/masks/message-mask-4077.pgm			12	15	2	2	32	96	0
0	4078	manual-validated		F:/workspace-server/create-retro-game-kr-patch-main/tmp/SLPS-01903/dialogue-workflow/masks/message-mask-4078.pgm			12	15	2	2	32	96	0
0	4079	manual-validated		F:/workspace-server/create-retro-game-kr-patch-main/tmp/SLPS-01903/dialogue-workflow/masks/message-mask-4079.pgm			12	15	2	2	32	96	0
0	4080	manual-validated		F:/workspace-server/create-retro-game-kr-patch-main/tmp/SLPS-01903/dialogue-workflow/masks/message-mask-4080.pgm			12	15	2	2	32	96	0
0	4081	manual-validated		F:/workspace-server/create-retro-game-kr-patch-main/tmp/SLPS-01903/dialogue-workflow/masks/message-mask-4081.pgm			12	15	2	2	32	96	0
0	4082	manual-validated		F:/workspace-server/create-retro-game-kr-patch-main/tmp/SLPS-01903/dialogue-workflow/masks/message-mask-4082.pgm			12	15	2	2	32	96	0
0	4083	manual-validated		F:/workspace-server/create-retro-game-kr-patch-main/tmp/SLPS-01903/dialogue-workflow/masks/message-mask-4083.pgm			12	15	2	2	32	96	0
0	4084	manual-validated		F:/workspace-server/create-retro-game-kr-patch-main/tmp/SLPS-01903/dialogue-workflow/masks/message-mask-4084.pgm			12	15	2	2	32	96	0
0	4085	manual-validated		F:/workspace-server/create-retro-game-kr-patch-main/tmp/SLPS-01903/dialogue-workflow/masks/message-mask-4085.pgm			12	15	2	2	32	96	0
0	4086	manual-validated		F:/workspace-server/create-retro-game-kr-patch-main/tmp/SLPS-01903/dialogue-workflow/masks/message-mask-4086.pgm			12	15	2	2	32	96	0
0	4087	manual-validated		F:/workspace-server/create-retro-game-kr-patch-main/tmp/SLPS-01903/dialogue-workflow/masks/message-mask-4087.pgm			12	15	2	2	32	96	0
0	4088	manual-validated		F:/workspace-server/create-retro-game-kr-patch-main/tmp/SLPS-01903/dialogue-workflow/masks/message-mask-4088.pgm			12	15	2	2	32	96	0
0	4089	manual-validated		F:/workspace-server/create-retro-game-kr-patch-main/tmp/SLPS-01903/dialogue-workflow/masks/message-mask-4089.pgm			12	15	2	2	32	96	0
0	4090	manual-validated		F:/workspace-server/create-retro-game-kr-patch-main/tmp/SLPS-01903/dialogue-workflow/masks/message-mask-4090.pgm			12	15	2	2	32	96	0
0	4091	manual-validated		F:/workspace-server/create-retro-game-kr-patch-main/tmp/SLPS-01903/dialogue-workflow/masks/message-mask-4091.pgm			12	15	2	2	32	96	0
0	4092	manual-validated		F:/workspace-server/create-retro-game-kr-patch-main/tmp/SLPS-01903/dialogue-workflow/masks/message-mask-4092.pgm			12	15	2	2	32	96	0
0	4093	manual-validated		F:/workspace-server/create-retro-game-kr-patch-main/tmp/SLPS-01903/dialogue-workflow/masks/message-mask-4093.pgm			12	15	2	2	32	96	0
0	4094	manual-validated		F:/workspace-server/create-retro-game-kr-patch-main/tmp/SLPS-01903/dialogue-workflow/masks/message-mask-4094.pgm			12	15	2	2	32	96	0
0	4095	manual-validated		F:/workspace-server/create-retro-game-kr-patch-main/tmp/SLPS-01903/dialogue-workflow/masks/message-mask-4095.pgm			12	15	2	2	32	96	0
0	4096	manual-validated		F:/workspace-server/create-retro-game-kr-patch-main/tmp/SLPS-01903/dialogue-workflow/masks/message-mask-4096.pgm			12	15	2	2	32	96	0
0	4097	manual-validated		F:/workspace-server/create-retro-game-kr-patch-main/tmp/SLPS-01903/dialogue-workflow/masks/message-mask-4097.pgm			12	15	2	2	32	96	0
0	4098	manual-validated		F:/workspace-server/create-retro-game-kr-patch-main/tmp/SLPS-01903/dialogue-workflow/masks/message-mask-4098.pgm			12	15	2	2	32	96	0
0	4099	manual-validated		F:/workspace-server/create-retro-game-kr-patch-main/tmp/SLPS-01903/dialogue-workflow/masks/message-mask-4099.pgm			12	15	2	2	32	96	0
0	4100	manual-validated		F:/workspace-server/create-retro-game-kr-patch-main/tmp/SLPS-01903/dialogue-workflow/masks/message-mask-4100.pgm			12	15	2	2	32	96	0
0	4101	manual-validated		F:/workspace-server/create-retro-game-kr-patch-main/tmp/SLPS-01903/dialogue-workflow/masks/message-mask-4101.pgm			12	15	2	2	32	96	0
0	4102	manual-validated		F:/workspace-server/create-retro-game-kr-patch-main/tmp/SLPS-01903/dialogue-workflow/masks/message-mask-4102.pgm			12	15	2	2	32	96	0
0	4103	manual-validated		F:/workspace-server/create-retro-game-kr-patch-main/tmp/SLPS-01903/dialogue-workflow/masks/message-mask-4103.pgm			12	15	2	2	32	96	0
0	4104	manual-validated		F:/workspace-server/create-retro-game-kr-patch-main/tmp/SLPS-01903/dialogue-workflow/masks/message-mask-4104.pgm			12	15	2	2	32	96	0
0	4105	manual-validated		F:/workspace-server/create-retro-game-kr-patch-main/tmp/SLPS-01903/dialogue-workflow/masks/message-mask-4105.pgm			12	15	2	2	32	96	0
0	4106	manual-validated		F:/workspace-server/create-retro-game-kr-patch-main/tmp/SLPS-01903/dialogue-workflow/masks/message-mask-4106.pgm			12	15	2	2	32	96	0
0	4107	manual-validated		F:/workspace-server/create-retro-game-kr-patch-main/tmp/SLPS-01903/dialogue-workflow/masks/message-mask-4107.pgm			12	15	2	2	32	96	0
0	4108	manual-validated		F:/workspace-server/create-retro-game-kr-patch-main/tmp/SLPS-01903/dialogue-workflow/masks/message-mask-4108.pgm			12	15	2	2	32	96	0
0	4109	manual-validated		F:/workspace-server/create-retro-game-kr-patch-main/tmp/SLPS-01903/dialogue-workflow/masks/message-mask-4109.pgm			12	15	2	2	32	96	0
0	4110	manual-validated		F:/workspace-server/create-retro-game-kr-patch-main/tmp/SLPS-01903/dialogue-workflow/masks/message-mask-4110.pgm			12	15	2	2	32	96	0
0	4111	manual-validated		F:/workspace-server/create-retro-game-kr-patch-main/tmp/SLPS-01903/dialogue-workflow/masks/message-mask-4111.pgm			12	15	2	2	32	96	0
0	4112	manual-validated		F:/workspace-server/create-retro-game-kr-patch-main/tmp/SLPS-01903/dialogue-workflow/masks/message-mask-4112.pgm			12	15	2	2	32	96	0
0	4113	manual-validated		F:/workspace-server/create-retro-game-kr-patch-main/tmp/SLPS-01903/dialogue-workflow/masks/message-mask-4113.pgm			12	15	2	2	32	96	0
0	4114	manual-validated		F:/workspace-server/create-retro-game-kr-patch-main/tmp/SLPS-01903/dialogue-workflow/masks/message-mask-4114.pgm			12	15	2	2	32	96	0
0	4115	manual-validated		F:/workspace-server/create-retro-game-kr-patch-main/tmp/SLPS-01903/dialogue-workflow/masks/message-mask-4115.pgm			12	15	2	2	32	96	0
0	4116	manual-validated		F:/workspace-server/create-retro-game-kr-patch-main/tmp/SLPS-01903/dialogue-workflow/masks/message-mask-4116.pgm			12	15	2	2	32	96	0
0	4117	manual-validated		F:/workspace-server/create-retro-game-kr-patch-main/tmp/SLPS-01903/dialogue-workflow/masks/message-mask-4117.pgm			12	15	2	2	32	96	0
0	4118	manual-validated		F:/workspace-server/create-retro-game-kr-patch-main/tmp/SLPS-01903/dialogue-workflow/masks/message-mask-4118.pgm			12	15	2	2	32	96	0
0	4119	manual-validated		F:/workspace-server/create-retro-game-kr-patch-main/tmp/SLPS-01903/dialogue-workflow/masks/message-mask-4119.pgm			12	15	2	2	32	96	0
0	4120	manual-validated		F:/workspace-server/create-retro-game-kr-patch-main/tmp/SLPS-01903/dialogue-workflow/masks/message-mask-4120.pgm			12	15	2	2	32	96	0
0	4121	manual-validated		F:/workspace-server/create-retro-game-kr-patch-main/tmp/SLPS-01903/dialogue-workflow/masks/message-mask-4121.pgm			12	15	2	2	32	96	0
0	4122	manual-validated		F:/workspace-server/create-retro-game-kr-patch-main/tmp/SLPS-01903/dialogue-workflow/masks/message-mask-4122.pgm			12	15	2	2	32	96	0
0	4123	manual-validated		F:/workspace-server/create-retro-game-kr-patch-main/tmp/SLPS-01903/dialogue-workflow/masks/message-mask-4123.pgm			12	15	2	2	32	96	0
0	4124	manual-validated		F:/workspace-server/create-retro-game-kr-patch-main/tmp/SLPS-01903/dialogue-workflow/masks/message-mask-4124.pgm			12	15	2	2	32	96	0
0	4125	manual-validated		F:/workspace-server/create-retro-game-kr-patch-main/tmp/SLPS-01903/dialogue-workflow/masks/message-mask-4125.pgm			12	15	2	2	32	96	0
0	4126	manual-validated		F:/workspace-server/create-retro-game-kr-patch-main/tmp/SLPS-01903/dialogue-workflow/masks/message-mask-4126.pgm			12	15	2	2	32	96	0
0	4127	manual-validated		F:/workspace-server/create-retro-game-kr-patch-main/tmp/SLPS-01903/dialogue-workflow/masks/message-mask-4127.pgm			12	15	2	2	32	96	0
0	4128	manual-validated		F:/workspace-server/create-retro-game-kr-patch-main/tmp/SLPS-01903/dialogue-workflow/masks/message-mask-4128.pgm			12	15	2	2	32	96	0
0	4129	manual-validated		F:/workspace-server/create-retro-game-kr-patch-main/tmp/SLPS-01903/dialogue-workflow/masks/message-mask-4129.pgm			12	15	2	2	32	96	0
0	4130	manual-validated		F:/workspace-server/create-retro-game-kr-patch-main/tmp/SLPS-01903/dialogue-workflow/masks/message-mask-4130.pgm			12	15	2	2	32	96	0
0	4131	manual-validated		F:/workspace-server/create-retro-game-kr-patch-main/tmp/SLPS-01903/dialogue-workflow/masks/message-mask-4131.pgm			12	15	2	2	32	96	0
0	4132	manual-validated		F:/workspace-server/create-retro-game-kr-patch-main/tmp/SLPS-01903/dialogue-workflow/masks/message-mask-4132.pgm			12	15	2	2	32	96	0
0	4133	manual-validated		F:/workspace-server/create-retro-game-kr-patch-main/tmp/SLPS-01903/dialogue-workflow/masks/message-mask-4133.pgm			12	15	2	2	32	96	0
0	4134	manual-validated		F:/workspace-server/create-retro-game-kr-patch-main/tmp/SLPS-01903/dialogue-workflow/masks/message-mask-4134.pgm			12	15	2	2	32	96	0
0	4135	manual-validated		F:/workspace-server/create-retro-game-kr-patch-main/tmp/SLPS-01903/dialogue-workflow/masks/message-mask-4135.pgm			12	15	2	2	32	96	0
0	4136	manual-validated		F:/workspace-server/create-retro-game-kr-patch-main/tmp/SLPS-01903/dialogue-workflow/masks/message-mask-4136.pgm			12	15	2	2	32	96	0
0	4137	manual-validated		F:/workspace-server/create-retro-game-kr-patch-main/tmp/SLPS-01903/dialogue-workflow/masks/message-mask-4137.pgm			12	15	2	2	32	96	0
0	4138	manual-validated		F:/workspace-server/create-retro-game-kr-patch-main/tmp/SLPS-01903/dialogue-workflow/masks/message-mask-4138.pgm			12	15	2	2	32	96	0
0	4139	manual-validated		F:/workspace-server/create-retro-game-kr-patch-main/tmp/SLPS-01903/dialogue-workflow/masks/message-mask-4139.pgm			12	15	2	2	32	96	0
0	4140	manual-validated		F:/workspace-server/create-retro-game-kr-patch-main/tmp/SLPS-01903/dialogue-workflow/masks/message-mask-4140.pgm			12	15	2	2	32	96	0
0	4141	manual-validated		F:/workspace-server/create-retro-game-kr-patch-main/tmp/SLPS-01903/dialogue-workflow/masks/message-mask-4141.pgm			12	15	2	2	32	96	0
0	4142	manual-validated		F:/workspace-server/create-retro-game-kr-patch-main/tmp/SLPS-01903/dialogue-workflow/masks/message-mask-4142.pgm			12	15	2	2	32	96	0
0	4143	manual-validated		F:/workspace-server/create-retro-game-kr-patch-main/tmp/SLPS-01903/dialogue-workflow/masks/message-mask-4143.pgm			12	15	2	2	32	96	0
0	4144	manual-validated		F:/workspace-server/create-retro-game-kr-patch-main/tmp/SLPS-01903/dialogue-workflow/masks/message-mask-4144.pgm			12	15	2	2	32	96	0
0	4145	manual-validated		F:/workspace-server/create-retro-game-kr-patch-main/tmp/SLPS-01903/dialogue-workflow/masks/message-mask-4145.pgm			12	15	2	2	32	96	0
0	4146	manual-validated		F:/workspace-server/create-retro-game-kr-patch-main/tmp/SLPS-01903/dialogue-workflow/masks/message-mask-4146.pgm			12	15	2	2	32	96	0
0	4147	manual-validated		F:/workspace-server/create-retro-game-kr-patch-main/tmp/SLPS-01903/dialogue-workflow/masks/message-mask-4147.pgm			12	15	2	2	32	96	0
0	4148	manual-validated		F:/workspace-server/create-retro-game-kr-patch-main/tmp/SLPS-01903/dialogue-workflow/masks/message-mask-4148.pgm			12	15	2	2	32	96	0
0	4149	manual-validated		F:/workspace-server/create-retro-game-kr-patch-main/tmp/SLPS-01903/dialogue-workflow/masks/message-mask-4149.pgm			12	15	2	2	32	96	0
0	4150	manual-validated		F:/workspace-server/create-retro-game-kr-patch-main/tmp/SLPS-01903/dialogue-workflow/masks/message-mask-4150.pgm			12	15	2	2	32	96	0
0	4151	manual-validated		F:/workspace-server/create-retro-game-kr-patch-main/tmp/SLPS-01903/dialogue-workflow/masks/message-mask-4151.pgm			12	15	2	2	32	96	0
0	4152	manual-validated		F:/workspace-server/create-retro-game-kr-patch-main/tmp/SLPS-01903/dialogue-workflow/masks/message-mask-4152.pgm			12	15	2	2	32	96	0
0	4153	manual-validated		F:/workspace-server/create-retro-game-kr-patch-main/tmp/SLPS-01903/dialogue-workflow/masks/message-mask-4153.pgm			12	15	2	2	32	96	0
0	4154	manual-validated		F:/workspace-server/create-retro-game-kr-patch-main/tmp/SLPS-01903/dialogue-workflow/masks/message-mask-4154.pgm			12	15	2	2	32	96	0
0	4155	manual-validated		F:/workspace-server/create-retro-game-kr-patch-main/tmp/SLPS-01903/dialogue-workflow/masks/message-mask-4155.pgm			12	15	2	2	32	96	0
0	4156	manual-validated		F:/workspace-server/create-retro-game-kr-patch-main/tmp/SLPS-01903/dialogue-workflow/masks/message-mask-4156.pgm			12	15	2	2	32	96	0
0	4157	manual-validated		F:/workspace-server/create-retro-game-kr-patch-main/tmp/SLPS-01903/dialogue-workflow/masks/message-mask-4157.pgm			12	15	2	2	32	96	0
0	4158	manual-validated		F:/workspace-server/create-retro-game-kr-patch-main/tmp/SLPS-01903/dialogue-workflow/masks/message-mask-4158.pgm			12	15	2	2	32	96	0
0	4159	manual-validated		F:/workspace-server/create-retro-game-kr-patch-main/tmp/SLPS-01903/dialogue-workflow/masks/message-mask-4159.pgm			12	15	2	2	32	96	0
0	4160	manual-validated		F:/workspace-server/create-retro-game-kr-patch-main/tmp/SLPS-01903/dialogue-workflow/masks/message-mask-4160.pgm			12	15	2	2	32	96	0
0	4161	manual-validated		F:/workspace-server/create-retro-game-kr-patch-main/tmp/SLPS-01903/dialogue-workflow/masks/message-mask-4161.pgm			12	15	2	2	32	96	0
0	4162	manual-validated		F:/workspace-server/create-retro-game-kr-patch-main/tmp/SLPS-01903/dialogue-workflow/masks/message-mask-4162.pgm			12	15	2	2	32	96	0
0	4163	manual-validated		F:/workspace-server/create-retro-game-kr-patch-main/tmp/SLPS-01903/dialogue-workflow/masks/message-mask-4163.pgm			12	15	2	2	32	96	0
0	4164	manual-validated		F:/workspace-server/create-retro-game-kr-patch-main/tmp/SLPS-01903/dialogue-workflow/masks/message-mask-4164.pgm			12	15	2	2	32	96	0
0	4165	manual-validated		F:/workspace-server/create-retro-game-kr-patch-main/tmp/SLPS-01903/dialogue-workflow/masks/message-mask-4165.pgm			12	15	2	2	32	96	0
0	4166	manual-validated		F:/workspace-server/create-retro-game-kr-patch-main/tmp/SLPS-01903/dialogue-workflow/masks/message-mask-4166.pgm			12	15	2	2	32	96	0
0	5001	manual-validated		F:/workspace-server/create-retro-game-kr-patch-main/tmp/SLPS-01903/dialogue-workflow/masks/message-mask-5001.pgm			12	15	2	2	32	96	0
0	5002	manual-validated		F:/workspace-server/create-retro-game-kr-patch-main/tmp/SLPS-01903/dialogue-workflow/masks/message-mask-5002.pgm			12	15	2	2	32	96	0
0	5003	manual-validated		F:/workspace-server/create-retro-game-kr-patch-main/tmp/SLPS-01903/dialogue-workflow/masks/message-mask-5003.pgm			12	15	2	2	32	96	0
0	5004	manual-validated		F:/workspace-server/create-retro-game-kr-patch-main/tmp/SLPS-01903/dialogue-workflow/masks/message-mask-5004.pgm			12	15	2	2	32	96	0
0	5005	manual-validated		F:/workspace-server/create-retro-game-kr-patch-main/tmp/SLPS-01903/dialogue-workflow/masks/message-mask-5005.pgm			12	15	2	2	32	96	0
0	5006	manual-validated		F:/workspace-server/create-retro-game-kr-patch-main/tmp/SLPS-01903/dialogue-workflow/masks/message-mask-5006.pgm			12	15	2	2	32	96	0
0	5007	manual-validated		F:/workspace-server/create-retro-game-kr-patch-main/tmp/SLPS-01903/dialogue-workflow/masks/message-mask-5007.pgm			12	15	2	2	32	96	0
0	5008	manual-validated		F:/workspace-server/create-retro-game-kr-patch-main/tmp/SLPS-01903/dialogue-workflow/masks/message-mask-5008.pgm			12	15	2	2	32	96	0
0	5009	manual-validated		F:/workspace-server/create-retro-game-kr-patch-main/tmp/SLPS-01903/dialogue-workflow/masks/message-mask-5009.pgm			12	15	2	2	32	96	0
0	5010	manual-validated		F:/workspace-server/create-retro-game-kr-patch-main/tmp/SLPS-01903/dialogue-workflow/masks/message-mask-5010.pgm			12	15	2	2	32	96	0
0	5011	manual-validated		F:/workspace-server/create-retro-game-kr-patch-main/tmp/SLPS-01903/dialogue-workflow/masks/message-mask-5011.pgm			12	15	2	2	32	96	0
0	5012	manual-validated		F:/workspace-server/create-retro-game-kr-patch-main/tmp/SLPS-01903/dialogue-workflow/masks/message-mask-5012.pgm			12	15	2	2	32	96	0
0	5013	manual-validated		F:/workspace-server/create-retro-game-kr-patch-main/tmp/SLPS-01903/dialogue-workflow/masks/message-mask-5013.pgm			12	15	2	2	32	96	0
0	5014	manual-validated		F:/workspace-server/create-retro-game-kr-patch-main/tmp/SLPS-01903/dialogue-workflow/masks/message-mask-5014.pgm			12	15	2	2	32	96	0
0	5015	manual-validated		F:/workspace-server/create-retro-game-kr-patch-main/tmp/SLPS-01903/dialogue-workflow/masks/message-mask-5015.pgm			12	15	2	2	32	96	0
0	5016	manual-validated		F:/workspace-server/create-retro-game-kr-patch-main/tmp/SLPS-01903/dialogue-workflow/masks/message-mask-5016.pgm			12	15	2	2	32	96	0
0	5017	manual-validated		F:/workspace-server/create-retro-game-kr-patch-main/tmp/SLPS-01903/dialogue-workflow/masks/message-mask-5017.pgm			12	15	2	2	32	96	0
0	5018	manual-validated		F:/workspace-server/create-retro-game-kr-patch-main/tmp/SLPS-01903/dialogue-workflow/masks/message-mask-5018.pgm			12	15	2	2	32	96	0
0	5019	manual-validated		F:/workspace-server/create-retro-game-kr-patch-main/tmp/SLPS-01903/dialogue-workflow/masks/message-mask-5019.pgm			12	15	2	2	32	96	0
0	5020	manual-validated		F:/workspace-server/create-retro-game-kr-patch-main/tmp/SLPS-01903/dialogue-workflow/masks/message-mask-5020.pgm			12	15	2	2	32	96	0
0	5021	manual-validated		F:/workspace-server/create-retro-game-kr-patch-main/tmp/SLPS-01903/dialogue-workflow/masks/message-mask-5021.pgm			12	15	2	2	32	96	0
0	5022	manual-validated		F:/workspace-server/create-retro-game-kr-patch-main/tmp/SLPS-01903/dialogue-workflow/masks/message-mask-5022.pgm			12	15	2	2	32	96	0
0	5023	manual-validated		F:/workspace-server/create-retro-game-kr-patch-main/tmp/SLPS-01903/dialogue-workflow/masks/message-mask-5023.pgm			12	15	2	2	32	96	0
0	5024	manual-validated		F:/workspace-server/create-retro-game-kr-patch-main/tmp/SLPS-01903/dialogue-workflow/masks/message-mask-5024.pgm			12	15	2	2	32	96	0
0	5025	manual-validated		F:/workspace-server/create-retro-game-kr-patch-main/tmp/SLPS-01903/dialogue-workflow/masks/message-mask-5025.pgm			12	15	2	2	32	96	0
0	5026	manual-validated		F:/workspace-server/create-retro-game-kr-patch-main/tmp/SLPS-01903/dialogue-workflow/masks/message-mask-5026.pgm			12	15	2	2	32	96	0
0	5027	manual-validated		F:/workspace-server/create-retro-game-kr-patch-main/tmp/SLPS-01903/dialogue-workflow/masks/message-mask-5027.pgm			12	15	2	2	32	96	0
0	5028	manual-validated		F:/workspace-server/create-retro-game-kr-patch-main/tmp/SLPS-01903/dialogue-workflow/masks/message-mask-5028.pgm			12	15	2	2	32	96	0
0	5029	manual-validated		F:/workspace-server/create-retro-game-kr-patch-main/tmp/SLPS-01903/dialogue-workflow/masks/message-mask-5029.pgm			12	15	2	2	32	96	0
0	5030	manual-validated		F:/workspace-server/create-retro-game-kr-patch-main/tmp/SLPS-01903/dialogue-workflow/masks/message-mask-5030.pgm			12	15	2	2	32	96	0
0	5031	manual-validated		F:/workspace-server/create-retro-game-kr-patch-main/tmp/SLPS-01903/dialogue-workflow/masks/message-mask-5031.pgm			12	15	2	2	32	96	0
0	5032	manual-validated		F:/workspace-server/create-retro-game-kr-patch-main/tmp/SLPS-01903/dialogue-workflow/masks/message-mask-5032.pgm			12	15	2	2	32	96	0
0	5033	manual-validated		F:/workspace-server/create-retro-game-kr-patch-main/tmp/SLPS-01903/dialogue-workflow/masks/message-mask-5033.pgm			12	15	2	2	32	96	0
0	5034	manual-validated		F:/workspace-server/create-retro-game-kr-patch-main/tmp/SLPS-01903/dialogue-workflow/masks/message-mask-5034.pgm			12	15	2	2	32	96	0
0	5035	manual-validated		F:/workspace-server/create-retro-game-kr-patch-main/tmp/SLPS-01903/dialogue-workflow/masks/message-mask-5035.pgm			12	15	2	2	32	96	0
0	5036	manual-validated		F:/workspace-server/create-retro-game-kr-patch-main/tmp/SLPS-01903/dialogue-workflow/masks/message-mask-5036.pgm			12	15	2	2	32	96	0
0	5037	manual-validated		F:/workspace-server/create-retro-game-kr-patch-main/tmp/SLPS-01903/dialogue-workflow/masks/message-mask-5037.pgm			12	15	2	2	32	96	0
0	5038	manual-validated		F:/workspace-server/create-retro-game-kr-patch-main/tmp/SLPS-01903/dialogue-workflow/masks/message-mask-5038.pgm			12	15	2	2	32	96	0
0	5039	manual-validated		F:/workspace-server/create-retro-game-kr-patch-main/tmp/SLPS-01903/dialogue-workflow/masks/message-mask-5039.pgm			12	15	2	2	32	96	0
0	5040	manual-validated		F:/workspace-server/create-retro-game-kr-patch-main/tmp/SLPS-01903/dialogue-workflow/masks/message-mask-5040.pgm			12	15	2	2	32	96	0
0	5041	manual-validated		F:/workspace-server/create-retro-game-kr-patch-main/tmp/SLPS-01903/dialogue-workflow/masks/message-mask-5041.pgm			12	15	2	2	32	96	0
0	5042	manual-validated		F:/workspace-server/create-retro-game-kr-patch-main/tmp/SLPS-01903/dialogue-workflow/masks/message-mask-5042.pgm			12	15	2	2	32	96	0
0	5043	manual-validated		F:/workspace-server/create-retro-game-kr-patch-main/tmp/SLPS-01903/dialogue-workflow/masks/message-mask-5043.pgm			12	15	2	2	32	96	0
0	5044	manual-validated		F:/workspace-server/create-retro-game-kr-patch-main/tmp/SLPS-01903/dialogue-workflow/masks/message-mask-5044.pgm			12	15	2	2	32	96	0
0	5045	manual-validated		F:/workspace-server/create-retro-game-kr-patch-main/tmp/SLPS-01903/dialogue-workflow/masks/message-mask-5045.pgm			12	15	2	2	32	96	0
0	5046	manual-validated		F:/workspace-server/create-retro-game-kr-patch-main/tmp/SLPS-01903/dialogue-workflow/masks/message-mask-5046.pgm			12	15	2	2	32	96	0
0	5047	manual-validated		F:/workspace-server/create-retro-game-kr-patch-main/tmp/SLPS-01903/dialogue-workflow/masks/message-mask-5047.pgm			12	15	2	2	32	96	0
0	5048	manual-validated		F:/workspace-server/create-retro-game-kr-patch-main/tmp/SLPS-01903/dialogue-workflow/masks/message-mask-5048.pgm			12	15	2	2	32	96	0
0	5049	manual-validated		F:/workspace-server/create-retro-game-kr-patch-main/tmp/SLPS-01903/dialogue-workflow/masks/message-mask-5049.pgm			12	15	2	2	32	96	0
0	5050	manual-validated		F:/workspace-server/create-retro-game-kr-patch-main/tmp/SLPS-01903/dialogue-workflow/masks/message-mask-5050.pgm			12	15	2	2	32	96	0
0	5051	manual-validated		F:/workspace-server/create-retro-game-kr-patch-main/tmp/SLPS-01903/dialogue-workflow/masks/message-mask-5051.pgm			12	15	2	2	32	96	0
0	5052	manual-validated		F:/workspace-server/create-retro-game-kr-patch-main/tmp/SLPS-01903/dialogue-workflow/masks/message-mask-5052.pgm			12	15	2	2	32	96	0
0	5053	manual-validated		F:/workspace-server/create-retro-game-kr-patch-main/tmp/SLPS-01903/dialogue-workflow/masks/message-mask-5053.pgm			12	15	2	2	32	96	0
0	5054	manual-validated		F:/workspace-server/create-retro-game-kr-patch-main/tmp/SLPS-01903/dialogue-workflow/masks/message-mask-5054.pgm			12	15	2	2	32	96	0
0	5055	manual-validated		F:/workspace-server/create-retro-game-kr-patch-main/tmp/SLPS-01903/dialogue-workflow/masks/message-mask-5055.pgm			12	15	2	2	32	96	0
0	5056	manual-validated		F:/workspace-server/create-retro-game-kr-patch-main/tmp/SLPS-01903/dialogue-workflow/masks/message-mask-5056.pgm			12	15	2	2	32	96	0
0	5057	manual-validated		F:/workspace-server/create-retro-game-kr-patch-main/tmp/SLPS-01903/dialogue-workflow/masks/message-mask-5057.pgm			12	15	2	2	32	96	0
0	5058	manual-validated		F:/workspace-server/create-retro-game-kr-patch-main/tmp/SLPS-01903/dialogue-workflow/masks/message-mask-5058.pgm			12	15	2	2	32	96	0
0	5059	manual-validated		F:/workspace-server/create-retro-game-kr-patch-main/tmp/SLPS-01903/dialogue-workflow/masks/message-mask-5059.pgm			12	15	2	2	32	96	0
0	5060	manual-validated		F:/workspace-server/create-retro-game-kr-patch-main/tmp/SLPS-01903/dialogue-workflow/masks/message-mask-5060.pgm			12	15	2	2	32	96	0
0	5061	manual-validated		F:/workspace-server/create-retro-game-kr-patch-main/tmp/SLPS-01903/dialogue-workflow/masks/message-mask-5061.pgm			12	15	2	2	32	96	0
0	5062	manual-validated		F:/workspace-server/create-retro-game-kr-patch-main/tmp/SLPS-01903/dialogue-workflow/masks/message-mask-5062.pgm			12	15	2	2	32	96	0
0	5063	manual-validated		F:/workspace-server/create-retro-game-kr-patch-main/tmp/SLPS-01903/dialogue-workflow/masks/message-mask-5063.pgm			12	15	2	2	32	96	0
0	5064	manual-validated		F:/workspace-server/create-retro-game-kr-patch-main/tmp/SLPS-01903/dialogue-workflow/masks/message-mask-5064.pgm			12	15	2	2	32	96	0
0	5065	manual-validated		F:/workspace-server/create-retro-game-kr-patch-main/tmp/SLPS-01903/dialogue-workflow/masks/message-mask-5065.pgm			12	15	2	2	32	96	0
0	5066	manual-validated		F:/workspace-server/create-retro-game-kr-patch-main/tmp/SLPS-01903/dialogue-workflow/masks/message-mask-5066.pgm			12	15	2	2	32	96	0
0	5067	manual-validated		F:/workspace-server/create-retro-game-kr-patch-main/tmp/SLPS-01903/dialogue-workflow/masks/message-mask-5067.pgm			12	15	2	2	32	96	0
0	5068	manual-validated		F:/workspace-server/create-retro-game-kr-patch-main/tmp/SLPS-01903/dialogue-workflow/masks/message-mask-5068.pgm			12	15	2	2	32	96	0
0	5069	manual-validated		F:/workspace-server/create-retro-game-kr-patch-main/tmp/SLPS-01903/dialogue-workflow/masks/message-mask-5069.pgm			12	15	2	2	32	96	0
0	5070	manual-validated		F:/workspace-server/create-retro-game-kr-patch-main/tmp/SLPS-01903/dialogue-workflow/masks/message-mask-5070.pgm			12	15	2	2	32	96	0
0	5071	manual-validated		F:/workspace-server/create-retro-game-kr-patch-main/tmp/SLPS-01903/dialogue-workflow/masks/message-mask-5071.pgm			12	15	2	2	32	96	0
0	5072	manual-validated		F:/workspace-server/create-retro-game-kr-patch-main/tmp/SLPS-01903/dialogue-workflow/masks/message-mask-5072.pgm			12	15	2	2	32	96	0
0	5073	manual-validated		F:/workspace-server/create-retro-game-kr-patch-main/tmp/SLPS-01903/dialogue-workflow/masks/message-mask-5073.pgm			12	15	2	2	32	96	0
0	5074	manual-validated		F:/workspace-server/create-retro-game-kr-patch-main/tmp/SLPS-01903/dialogue-workflow/masks/message-mask-5074.pgm			12	15	2	2	32	96	0
0	5075	manual-validated		F:/workspace-server/create-retro-game-kr-patch-main/tmp/SLPS-01903/dialogue-workflow/masks/message-mask-5075.pgm			12	15	2	2	32	96	0
0	5076	manual-validated		F:/workspace-server/create-retro-game-kr-patch-main/tmp/SLPS-01903/dialogue-workflow/masks/message-mask-5076.pgm			12	15	2	2	32	96	0
0	5077	manual-validated		F:/workspace-server/create-retro-game-kr-patch-main/tmp/SLPS-01903/dialogue-workflow/masks/message-mask-5077.pgm			12	15	2	2	32	96	0
0	5078	manual-validated		F:/workspace-server/create-retro-game-kr-patch-main/tmp/SLPS-01903/dialogue-workflow/masks/message-mask-5078.pgm			12	15	2	2	32	96	0
0	5079	manual-validated		F:/workspace-server/create-retro-game-kr-patch-main/tmp/SLPS-01903/dialogue-workflow/masks/message-mask-5079.pgm			12	15	2	2	32	96	0
0	5080	manual-validated		F:/workspace-server/create-retro-game-kr-patch-main/tmp/SLPS-01903/dialogue-workflow/masks/message-mask-5080.pgm			12	15	2	2	32	96	0
0	5081	manual-validated		F:/workspace-server/create-retro-game-kr-patch-main/tmp/SLPS-01903/dialogue-workflow/masks/message-mask-5081.pgm			12	15	2	2	32	96	0
0	5082	manual-validated		F:/workspace-server/create-retro-game-kr-patch-main/tmp/SLPS-01903/dialogue-workflow/masks/message-mask-5082.pgm			12	15	2	2	32	96	0
0	5083	manual-validated		F:/workspace-server/create-retro-game-kr-patch-main/tmp/SLPS-01903/dialogue-workflow/masks/message-mask-5083.pgm			12	15	2	2	32	96	0
0	5084	manual-validated		F:/workspace-server/create-retro-game-kr-patch-main/tmp/SLPS-01903/dialogue-workflow/masks/message-mask-5084.pgm			12	15	2	2	32	96	0
0	5085	manual-validated		F:/workspace-server/create-retro-game-kr-patch-main/tmp/SLPS-01903/dialogue-workflow/masks/message-mask-5085.pgm			12	15	2	2	32	96	0
0	5086	manual-validated		F:/workspace-server/create-retro-game-kr-patch-main/tmp/SLPS-01903/dialogue-workflow/masks/message-mask-5086.pgm			12	15	2	2	32	96	0
0	5087	manual-validated		F:/workspace-server/create-retro-game-kr-patch-main/tmp/SLPS-01903/dialogue-workflow/masks/message-mask-5087.pgm			12	15	2	2	32	96	0
0	5088	manual-validated		F:/workspace-server/create-retro-game-kr-patch-main/tmp/SLPS-01903/dialogue-workflow/masks/message-mask-5088.pgm			12	15	2	2	32	96	0
0	5089	manual-validated		F:/workspace-server/create-retro-game-kr-patch-main/tmp/SLPS-01903/dialogue-workflow/masks/message-mask-5089.pgm			12	15	2	2	32	96	0
0	5090	manual-validated		F:/workspace-server/create-retro-game-kr-patch-main/tmp/SLPS-01903/dialogue-workflow/masks/message-mask-5090.pgm			12	15	2	2	32	96	0
0	5091	manual-validated		F:/workspace-server/create-retro-game-kr-patch-main/tmp/SLPS-01903/dialogue-workflow/masks/message-mask-5091.pgm			12	15	2	2	32	96	0
0	5092	manual-validated		F:/workspace-server/create-retro-game-kr-patch-main/tmp/SLPS-01903/dialogue-workflow/masks/message-mask-5092.pgm			12	15	2	2	32	96	0
0	5093	manual-validated		F:/workspace-server/create-retro-game-kr-patch-main/tmp/SLPS-01903/dialogue-workflow/masks/message-mask-5093.pgm			12	15	2	2	32	96	0
0	5094	manual-validated		F:/workspace-server/create-retro-game-kr-patch-main/tmp/SLPS-01903/dialogue-workflow/masks/message-mask-5094.pgm			12	15	2	2	32	96	0
0	5095	manual-validated		F:/workspace-server/create-retro-game-kr-patch-main/tmp/SLPS-01903/dialogue-workflow/masks/message-mask-5095.pgm			12	15	2	2	32	96	0
0	5096	manual-validated		F:/workspace-server/create-retro-game-kr-patch-main/tmp/SLPS-01903/dialogue-workflow/masks/message-mask-5096.pgm			12	15	2	2	32	96	0
0	5097	manual-validated		F:/workspace-server/create-retro-game-kr-patch-main/tmp/SLPS-01903/dialogue-workflow/masks/message-mask-5097.pgm			12	15	2	2	32	96	0
0	5098	manual-validated		F:/workspace-server/create-retro-game-kr-patch-main/tmp/SLPS-01903/dialogue-workflow/masks/message-mask-5098.pgm			12	15	2	2	32	96	0
0	5099	manual-validated		F:/workspace-server/create-retro-game-kr-patch-main/tmp/SLPS-01903/dialogue-workflow/masks/message-mask-5099.pgm			12	15	2	2	32	96	0
0	5100	manual-validated		F:/workspace-server/create-retro-game-kr-patch-main/tmp/SLPS-01903/dialogue-workflow/masks/message-mask-5100.pgm			12	15	2	2	32	96	0
0	5101	manual-validated		F:/workspace-server/create-retro-game-kr-patch-main/tmp/SLPS-01903/dialogue-workflow/masks/message-mask-5101.pgm			12	15	2	2	32	96	0
0	5102	manual-validated		F:/workspace-server/create-retro-game-kr-patch-main/tmp/SLPS-01903/dialogue-workflow/masks/message-mask-5102.pgm			12	15	2	2	32	96	0
0	5103	manual-validated		F:/workspace-server/create-retro-game-kr-patch-main/tmp/SLPS-01903/dialogue-workflow/masks/message-mask-5103.pgm			12	15	2	2	32	96	0
0	5104	manual-validated		F:/workspace-server/create-retro-game-kr-patch-main/tmp/SLPS-01903/dialogue-workflow/masks/message-mask-5104.pgm			12	15	2	2	32	96	0
0	5105	manual-validated		F:/workspace-server/create-retro-game-kr-patch-main/tmp/SLPS-01903/dialogue-workflow/masks/message-mask-5105.pgm			12	15	2	2	32	96	0
0	5106	manual-validated		F:/workspace-server/create-retro-game-kr-patch-main/tmp/SLPS-01903/dialogue-workflow/masks/message-mask-5106.pgm			12	15	2	2	32	96	0
0	5107	manual-validated		F:/workspace-server/create-retro-game-kr-patch-main/tmp/SLPS-01903/dialogue-workflow/masks/message-mask-5107.pgm			12	15	2	2	32	96	0
0	5108	manual-validated		F:/workspace-server/create-retro-game-kr-patch-main/tmp/SLPS-01903/dialogue-workflow/masks/message-mask-5108.pgm			12	15	2	2	32	96	0
0	5109	manual-validated		F:/workspace-server/create-retro-game-kr-patch-main/tmp/SLPS-01903/dialogue-workflow/masks/message-mask-5109.pgm			12	15	2	2	32	96	0
0	5110	manual-validated		F:/workspace-server/create-retro-game-kr-patch-main/tmp/SLPS-01903/dialogue-workflow/masks/message-mask-5110.pgm			12	15	2	2	32	96	0
0	5111	manual-validated		F:/workspace-server/create-retro-game-kr-patch-main/tmp/SLPS-01903/dialogue-workflow/masks/message-mask-5111.pgm			12	15	2	2	32	96	0
0	5112	manual-validated		F:/workspace-server/create-retro-game-kr-patch-main/tmp/SLPS-01903/dialogue-workflow/masks/message-mask-5112.pgm			12	15	2	2	32	96	0
0	5113	manual-validated		F:/workspace-server/create-retro-game-kr-patch-main/tmp/SLPS-01903/dialogue-workflow/masks/message-mask-5113.pgm			12	15	2	2	32	96	0
0	5114	manual-validated		F:/workspace-server/create-retro-game-kr-patch-main/tmp/SLPS-01903/dialogue-workflow/masks/message-mask-5114.pgm			12	15	2	2	32	96	0
0	5115	manual-validated		F:/workspace-server/create-retro-game-kr-patch-main/tmp/SLPS-01903/dialogue-workflow/masks/message-mask-5115.pgm			12	15	2	2	32	96	0
0	5116	manual-validated		F:/workspace-server/create-retro-game-kr-patch-main/tmp/SLPS-01903/dialogue-workflow/masks/message-mask-5116.pgm			12	15	2	2	32	96	0
0	5117	manual-validated		F:/workspace-server/create-retro-game-kr-patch-main/tmp/SLPS-01903/dialogue-workflow/masks/message-mask-5117.pgm			12	15	2	2	32	96	0
0	5118	manual-validated		F:/workspace-server/create-retro-game-kr-patch-main/tmp/SLPS-01903/dialogue-workflow/masks/message-mask-5118.pgm			12	15	2	2	32	96	0
0	5119	manual-validated		F:/workspace-server/create-retro-game-kr-patch-main/tmp/SLPS-01903/dialogue-workflow/masks/message-mask-5119.pgm			12	15	2	2	32	96	0
0	5120	manual-validated		F:/workspace-server/create-retro-game-kr-patch-main/tmp/SLPS-01903/dialogue-workflow/masks/message-mask-5120.pgm			12	15	2	2	32	96	0
0	5121	manual-validated		F:/workspace-server/create-retro-game-kr-patch-main/tmp/SLPS-01903/dialogue-workflow/masks/message-mask-5121.pgm			12	15	2	2	32	96	0
0	5122	manual-validated		F:/workspace-server/create-retro-game-kr-patch-main/tmp/SLPS-01903/dialogue-workflow/masks/message-mask-5122.pgm			12	15	2	2	32	96	0
0	5123	manual-validated		F:/workspace-server/create-retro-game-kr-patch-main/tmp/SLPS-01903/dialogue-workflow/masks/message-mask-5123.pgm			12	15	2	2	32	96	0
0	5124	manual-validated		F:/workspace-server/create-retro-game-kr-patch-main/tmp/SLPS-01903/dialogue-workflow/masks/message-mask-5124.pgm			12	15	2	2	32	96	0
0	5125	manual-validated		F:/workspace-server/create-retro-game-kr-patch-main/tmp/SLPS-01903/dialogue-workflow/masks/message-mask-5125.pgm			12	15	2	2	32	96	0
0	5126	manual-validated		F:/workspace-server/create-retro-game-kr-patch-main/tmp/SLPS-01903/dialogue-workflow/masks/message-mask-5126.pgm			12	15	2	2	32	96	0
0	5127	manual-validated		F:/workspace-server/create-retro-game-kr-patch-main/tmp/SLPS-01903/dialogue-workflow/masks/message-mask-5127.pgm			12	15	2	2	32	96	0
0	5128	manual-validated		F:/workspace-server/create-retro-game-kr-patch-main/tmp/SLPS-01903/dialogue-workflow/masks/message-mask-5128.pgm			12	15	2	2	32	96	0
0	5129	manual-validated		F:/workspace-server/create-retro-game-kr-patch-main/tmp/SLPS-01903/dialogue-workflow/masks/message-mask-5129.pgm			12	15	2	2	32	96	0
0	5130	manual-validated		F:/workspace-server/create-retro-game-kr-patch-main/tmp/SLPS-01903/dialogue-workflow/masks/message-mask-5130.pgm			12	15	2	2	32	96	0
0	5131	manual-validated		F:/workspace-server/create-retro-game-kr-patch-main/tmp/SLPS-01903/dialogue-workflow/masks/message-mask-5131.pgm			12	15	2	2	32	96	0
0	5132	manual-validated		F:/workspace-server/create-retro-game-kr-patch-main/tmp/SLPS-01903/dialogue-workflow/masks/message-mask-5132.pgm			12	15	2	2	32	96	0
0	5133	manual-validated		F:/workspace-server/create-retro-game-kr-patch-main/tmp/SLPS-01903/dialogue-workflow/masks/message-mask-5133.pgm			12	15	2	2	32	96	0
0	5134	manual-validated		F:/workspace-server/create-retro-game-kr-patch-main/tmp/SLPS-01903/dialogue-workflow/masks/message-mask-5134.pgm			12	15	2	2	32	96	0
0	5135	manual-validated		F:/workspace-server/create-retro-game-kr-patch-main/tmp/SLPS-01903/dialogue-workflow/masks/message-mask-5135.pgm			12	15	2	2	32	96	0
0	5136	manual-validated		F:/workspace-server/create-retro-game-kr-patch-main/tmp/SLPS-01903/dialogue-workflow/masks/message-mask-5136.pgm			12	15	2	2	32	96	0
0	5137	manual-validated		F:/workspace-server/create-retro-game-kr-patch-main/tmp/SLPS-01903/dialogue-workflow/masks/message-mask-5137.pgm			12	15	2	2	32	96	0
0	5138	manual-validated		F:/workspace-server/create-retro-game-kr-patch-main/tmp/SLPS-01903/dialogue-workflow/masks/message-mask-5138.pgm			12	15	2	2	32	96	0
0	5139	manual-validated		F:/workspace-server/create-retro-game-kr-patch-main/tmp/SLPS-01903/dialogue-workflow/masks/message-mask-5139.pgm			12	15	2	2	32	96	0
0	5140	manual-validated		F:/workspace-server/create-retro-game-kr-patch-main/tmp/SLPS-01903/dialogue-workflow/masks/message-mask-5140.pgm			12	15	2	2	32	96	0
0	5141	manual-validated		F:/workspace-server/create-retro-game-kr-patch-main/tmp/SLPS-01903/dialogue-workflow/masks/message-mask-5141.pgm			12	15	2	2	32	96	0
0	5142	manual-validated		F:/workspace-server/create-retro-game-kr-patch-main/tmp/SLPS-01903/dialogue-workflow/masks/message-mask-5142.pgm			12	15	2	2	32	96	0
0	5143	manual-validated		F:/workspace-server/create-retro-game-kr-patch-main/tmp/SLPS-01903/dialogue-workflow/masks/message-mask-5143.pgm			12	15	2	2	32	96	0
0	5144	manual-validated		F:/workspace-server/create-retro-game-kr-patch-main/tmp/SLPS-01903/dialogue-workflow/masks/message-mask-5144.pgm			12	15	2	2	32	96	0
0	5145	manual-validated		F:/workspace-server/create-retro-game-kr-patch-main/tmp/SLPS-01903/dialogue-workflow/masks/message-mask-5145.pgm			12	15	2	2	32	96	0
0	5146	manual-validated		F:/workspace-server/create-retro-game-kr-patch-main/tmp/SLPS-01903/dialogue-workflow/masks/message-mask-5146.pgm			12	15	2	2	32	96	0
0	5147	manual-validated		F:/workspace-server/create-retro-game-kr-patch-main/tmp/SLPS-01903/dialogue-workflow/masks/message-mask-5147.pgm			12	15	2	2	32	96	0
0	5148	manual-validated		F:/workspace-server/create-retro-game-kr-patch-main/tmp/SLPS-01903/dialogue-workflow/masks/message-mask-5148.pgm			12	15	2	2	32	96	0
0	5149	manual-validated		F:/workspace-server/create-retro-game-kr-patch-main/tmp/SLPS-01903/dialogue-workflow/masks/message-mask-5149.pgm			12	15	2	2	32	96	0
0	5150	manual-validated		F:/workspace-server/create-retro-game-kr-patch-main/tmp/SLPS-01903/dialogue-workflow/masks/message-mask-5150.pgm			12	15	2	2	32	96	0
0	5151	manual-validated		F:/workspace-server/create-retro-game-kr-patch-main/tmp/SLPS-01903/dialogue-workflow/masks/message-mask-5151.pgm			12	15	2	2	32	96	0
0	5152	manual-validated		F:/workspace-server/create-retro-game-kr-patch-main/tmp/SLPS-01903/dialogue-workflow/masks/message-mask-5152.pgm			12	15	2	2	32	96	0
0	5153	manual-validated		F:/workspace-server/create-retro-game-kr-patch-main/tmp/SLPS-01903/dialogue-workflow/masks/message-mask-5153.pgm			12	15	2	2	32	96	0
0	5154	manual-validated		F:/workspace-server/create-retro-game-kr-patch-main/tmp/SLPS-01903/dialogue-workflow/masks/message-mask-5154.pgm			12	15	2	2	32	96	0
0	5155	manual-validated		F:/workspace-server/create-retro-game-kr-patch-main/tmp/SLPS-01903/dialogue-workflow/masks/message-mask-5155.pgm			12	15	2	2	32	96	0
0	5156	manual-validated		F:/workspace-server/create-retro-game-kr-patch-main/tmp/SLPS-01903/dialogue-workflow/masks/message-mask-5156.pgm			12	15	2	2	32	96	0
0	5157	manual-validated		F:/workspace-server/create-retro-game-kr-patch-main/tmp/SLPS-01903/dialogue-workflow/masks/message-mask-5157.pgm			12	15	2	2	32	96	0
0	5158	manual-validated		F:/workspace-server/create-retro-game-kr-patch-main/tmp/SLPS-01903/dialogue-workflow/masks/message-mask-5158.pgm			12	15	2	2	32	96	0
0	5159	manual-validated		F:/workspace-server/create-retro-game-kr-patch-main/tmp/SLPS-01903/dialogue-workflow/masks/message-mask-5159.pgm			12	15	2	2	32	96	0
0	5160	manual-validated		F:/workspace-server/create-retro-game-kr-patch-main/tmp/SLPS-01903/dialogue-workflow/masks/message-mask-5160.pgm			12	15	2	2	32	96	0
0	5161	manual-validated		F:/workspace-server/create-retro-game-kr-patch-main/tmp/SLPS-01903/dialogue-workflow/masks/message-mask-5161.pgm			12	15	2	2	32	96	0
0	5162	manual-validated		F:/workspace-server/create-retro-game-kr-patch-main/tmp/SLPS-01903/dialogue-workflow/masks/message-mask-5162.pgm			12	15	2	2	32	96	0
0	5163	manual-validated		F:/workspace-server/create-retro-game-kr-patch-main/tmp/SLPS-01903/dialogue-workflow/masks/message-mask-5163.pgm			12	15	2	2	32	96	0
0	5164	manual-validated		F:/workspace-server/create-retro-game-kr-patch-main/tmp/SLPS-01903/dialogue-workflow/masks/message-mask-5164.pgm			12	15	2	2	32	96	0
0	5165	manual-validated		F:/workspace-server/create-retro-game-kr-patch-main/tmp/SLPS-01903/dialogue-workflow/masks/message-mask-5165.pgm			12	15	2	2	32	96	0
0	5166	manual-validated		F:/workspace-server/create-retro-game-kr-patch-main/tmp/SLPS-01903/dialogue-workflow/masks/message-mask-5166.pgm			12	15	2	2	32	96	0
0	5167	manual-validated		F:/workspace-server/create-retro-game-kr-patch-main/tmp/SLPS-01903/dialogue-workflow/masks/message-mask-5167.pgm			12	15	2	2	32	96	0
0	5168	manual-validated		F:/workspace-server/create-retro-game-kr-patch-main/tmp/SLPS-01903/dialogue-workflow/masks/message-mask-5168.pgm			12	15	2	2	32	96	0
0	5169	manual-validated		F:/workspace-server/create-retro-game-kr-patch-main/tmp/SLPS-01903/dialogue-workflow/masks/message-mask-5169.pgm			12	15	2	2	32	96	0
0	5170	manual-validated		F:/workspace-server/create-retro-game-kr-patch-main/tmp/SLPS-01903/dialogue-workflow/masks/message-mask-5170.pgm			12	15	2	2	32	96	0
0	5171	manual-validated		F:/workspace-server/create-retro-game-kr-patch-main/tmp/SLPS-01903/dialogue-workflow/masks/message-mask-5171.pgm			12	15	2	2	32	96	0
0	5172	manual-validated		F:/workspace-server/create-retro-game-kr-patch-main/tmp/SLPS-01903/dialogue-workflow/masks/message-mask-5172.pgm			12	15	2	2	32	96	0
0	5173	manual-validated		F:/workspace-server/create-retro-game-kr-patch-main/tmp/SLPS-01903/dialogue-workflow/masks/message-mask-5173.pgm			12	15	2	2	32	96	0
0	5174	manual-validated		F:/workspace-server/create-retro-game-kr-patch-main/tmp/SLPS-01903/dialogue-workflow/masks/message-mask-5174.pgm			12	15	2	2	32	96	0
0	5175	manual-validated		F:/workspace-server/create-retro-game-kr-patch-main/tmp/SLPS-01903/dialogue-workflow/masks/message-mask-5175.pgm			12	15	2	2	32	96	0
0	5176	manual-validated		F:/workspace-server/create-retro-game-kr-patch-main/tmp/SLPS-01903/dialogue-workflow/masks/message-mask-5176.pgm			12	15	2	2	32	96	0
0	5177	manual-validated		F:/workspace-server/create-retro-game-kr-patch-main/tmp/SLPS-01903/dialogue-workflow/masks/message-mask-5177.pgm			12	15	2	2	32	96	0
0	5178	manual-validated		F:/workspace-server/create-retro-game-kr-patch-main/tmp/SLPS-01903/dialogue-workflow/masks/message-mask-5178.pgm			12	15	2	2	32	96	0
0	5179	manual-validated		F:/workspace-server/create-retro-game-kr-patch-main/tmp/SLPS-01903/dialogue-workflow/masks/message-mask-5179.pgm			12	15	2	2	32	96	0
0	5180	manual-validated		F:/workspace-server/create-retro-game-kr-patch-main/tmp/SLPS-01903/dialogue-workflow/masks/message-mask-5180.pgm			12	15	2	2	32	96	0
0	5181	manual-validated		F:/workspace-server/create-retro-game-kr-patch-main/tmp/SLPS-01903/dialogue-workflow/masks/message-mask-5181.pgm			12	15	2	2	32	96	0
0	5182	manual-validated		F:/workspace-server/create-retro-game-kr-patch-main/tmp/SLPS-01903/dialogue-workflow/masks/message-mask-5182.pgm			12	15	2	2	32	96	0
0	5183	manual-validated		F:/workspace-server/create-retro-game-kr-patch-main/tmp/SLPS-01903/dialogue-workflow/masks/message-mask-5183.pgm			12	15	2	2	32	96	0
0	5184	manual-validated		F:/workspace-server/create-retro-game-kr-patch-main/tmp/SLPS-01903/dialogue-workflow/masks/message-mask-5184.pgm			12	15	2	2	32	96	0
0	5185	manual-validated		F:/workspace-server/create-retro-game-kr-patch-main/tmp/SLPS-01903/dialogue-workflow/masks/message-mask-5185.pgm			12	15	2	2	32	96	0
0	5186	manual-validated		F:/workspace-server/create-retro-game-kr-patch-main/tmp/SLPS-01903/dialogue-workflow/masks/message-mask-5186.pgm			12	15	2	2	32	96	0
0	5187	manual-validated		F:/workspace-server/create-retro-game-kr-patch-main/tmp/SLPS-01903/dialogue-workflow/masks/message-mask-5187.pgm			12	15	2	2	32	96	0
0	5188	manual-validated		F:/workspace-server/create-retro-game-kr-patch-main/tmp/SLPS-01903/dialogue-workflow/masks/message-mask-5188.pgm			12	15	2	2	32	96	0
0	5189	manual-validated		F:/workspace-server/create-retro-game-kr-patch-main/tmp/SLPS-01903/dialogue-workflow/masks/message-mask-5189.pgm			12	15	2	2	32	96	0
0	5190	manual-validated		F:/workspace-server/create-retro-game-kr-patch-main/tmp/SLPS-01903/dialogue-workflow/masks/message-mask-5190.pgm			12	15	2	2	32	96	0
0	5191	manual-validated		F:/workspace-server/create-retro-game-kr-patch-main/tmp/SLPS-01903/dialogue-workflow/masks/message-mask-5191.pgm			12	15	2	2	32	96	0
0	5192	manual-validated		F:/workspace-server/create-retro-game-kr-patch-main/tmp/SLPS-01903/dialogue-workflow/masks/message-mask-5192.pgm			12	15	2	2	32	96	0
0	5193	manual-validated		F:/workspace-server/create-retro-game-kr-patch-main/tmp/SLPS-01903/dialogue-workflow/masks/message-mask-5193.pgm			12	15	2	2	32	96	0
0	5194	manual-validated		F:/workspace-server/create-retro-game-kr-patch-main/tmp/SLPS-01903/dialogue-workflow/masks/message-mask-5194.pgm			12	15	2	2	32	96	0
0	5195	manual-validated		F:/workspace-server/create-retro-game-kr-patch-main/tmp/SLPS-01903/dialogue-workflow/masks/message-mask-5195.pgm			12	15	2	2	32	96	0
0	5196	manual-validated		F:/workspace-server/create-retro-game-kr-patch-main/tmp/SLPS-01903/dialogue-workflow/masks/message-mask-5196.pgm			12	15	2	2	32	96	0
0	5197	manual-validated		F:/workspace-server/create-retro-game-kr-patch-main/tmp/SLPS-01903/dialogue-workflow/masks/message-mask-5197.pgm			12	15	2	2	32	96	0
0	5198	manual-validated		F:/workspace-server/create-retro-game-kr-patch-main/tmp/SLPS-01903/dialogue-workflow/masks/message-mask-5198.pgm			12	15	2	2	32	96	0
0	5199	manual-validated		F:/workspace-server/create-retro-game-kr-patch-main/tmp/SLPS-01903/dialogue-workflow/masks/message-mask-5199.pgm			12	15	2	2	32	96	0
0	5200	manual-validated		F:/workspace-server/create-retro-game-kr-patch-main/tmp/SLPS-01903/dialogue-workflow/masks/message-mask-5200.pgm			12	15	2	2	32	96	0
0	5201	manual-validated		F:/workspace-server/create-retro-game-kr-patch-main/tmp/SLPS-01903/dialogue-workflow/masks/message-mask-5201.pgm			12	15	2	2	32	96	0
0	5202	manual-validated		F:/workspace-server/create-retro-game-kr-patch-main/tmp/SLPS-01903/dialogue-workflow/masks/message-mask-5202.pgm			12	15	2	2	32	96	0
0	5203	manual-validated		F:/workspace-server/create-retro-game-kr-patch-main/tmp/SLPS-01903/dialogue-workflow/masks/message-mask-5203.pgm			12	15	2	2	32	96	0
0	5204	manual-validated		F:/workspace-server/create-retro-game-kr-patch-main/tmp/SLPS-01903/dialogue-workflow/masks/message-mask-5204.pgm			12	15	2	2	32	96	0
0	5205	manual-validated		F:/workspace-server/create-retro-game-kr-patch-main/tmp/SLPS-01903/dialogue-workflow/masks/message-mask-5205.pgm			12	15	2	2	32	96	0
0	5206	manual-validated		F:/workspace-server/create-retro-game-kr-patch-main/tmp/SLPS-01903/dialogue-workflow/masks/message-mask-5206.pgm			12	15	2	2	32	96	0
0	5207	manual-validated		F:/workspace-server/create-retro-game-kr-patch-main/tmp/SLPS-01903/dialogue-workflow/masks/message-mask-5207.pgm			12	15	2	2	32	96	0
0	5208	manual-validated		F:/workspace-server/create-retro-game-kr-patch-main/tmp/SLPS-01903/dialogue-workflow/masks/message-mask-5208.pgm			12	15	2	2	32	96	0
0	5209	manual-validated		F:/workspace-server/create-retro-game-kr-patch-main/tmp/SLPS-01903/dialogue-workflow/masks/message-mask-5209.pgm			12	15	2	2	32	96	0
0	6001	script-scan+manual	315:10:0x83e	F:/workspace-server/create-retro-game-kr-patch-main/tmp/SLPS-01903/dialogue-workflow/masks/message-mask-6001.pgm			12	15	2	2	32	96	0
0	6002	script-scan+manual	315:12:0x99c	F:/workspace-server/create-retro-game-kr-patch-main/tmp/SLPS-01903/dialogue-workflow/masks/message-mask-6002.pgm			12	15	2	2	32	96	0
0	6003	script-scan+manual	315:2:0x47d	F:/workspace-server/create-retro-game-kr-patch-main/tmp/SLPS-01903/dialogue-workflow/masks/message-mask-6003.pgm			12	15	2	2	32	96	0
0	6004	script-scan+manual	315:6:0x66d	F:/workspace-server/create-retro-game-kr-patch-main/tmp/SLPS-01903/dialogue-workflow/masks/message-mask-6004.pgm			12	15	2	2	32	96	0
0	6005	script-scan+manual	315:8:0x79d	F:/workspace-server/create-retro-game-kr-patch-main/tmp/SLPS-01903/dialogue-workflow/masks/message-mask-6005.pgm			12	15	2	2	32	96	0
0	6006	manual-validated		F:/workspace-server/create-retro-game-kr-patch-main/tmp/SLPS-01903/dialogue-workflow/masks/message-mask-6006.pgm			12	15	2	2	32	96	0
0	6007	manual-validated		F:/workspace-server/create-retro-game-kr-patch-main/tmp/SLPS-01903/dialogue-workflow/masks/message-mask-6007.pgm			12	15	2	2	32	96	0
0	6008	manual-validated		F:/workspace-server/create-retro-game-kr-patch-main/tmp/SLPS-01903/dialogue-workflow/masks/message-mask-6008.pgm			12	15	2	2	32	96	0
0	6009	manual-validated		F:/workspace-server/create-retro-game-kr-patch-main/tmp/SLPS-01903/dialogue-workflow/masks/message-mask-6009.pgm			12	15	2	2	32	96	0
0	6010	manual-validated		F:/workspace-server/create-retro-game-kr-patch-main/tmp/SLPS-01903/dialogue-workflow/masks/message-mask-6010.pgm			12	15	2	2	32	96	0
0	6011	manual-validated		F:/workspace-server/create-retro-game-kr-patch-main/tmp/SLPS-01903/dialogue-workflow/masks/message-mask-6011.pgm			12	15	2	2	32	96	0
0	6012	manual-validated		F:/workspace-server/create-retro-game-kr-patch-main/tmp/SLPS-01903/dialogue-workflow/masks/message-mask-6012.pgm			12	15	2	2	32	96	0
0	6013	manual-validated		F:/workspace-server/create-retro-game-kr-patch-main/tmp/SLPS-01903/dialogue-workflow/masks/message-mask-6013.pgm			12	15	2	2	32	96	0
0	6014	manual-validated		F:/workspace-server/create-retro-game-kr-patch-main/tmp/SLPS-01903/dialogue-workflow/masks/message-mask-6014.pgm			12	15	2	2	32	96	0
0	6015	manual-validated		F:/workspace-server/create-retro-game-kr-patch-main/tmp/SLPS-01903/dialogue-workflow/masks/message-mask-6015.pgm			12	15	2	2	32	96	0
0	6016	manual-validated		F:/workspace-server/create-retro-game-kr-patch-main/tmp/SLPS-01903/dialogue-workflow/masks/message-mask-6016.pgm			12	15	2	2	32	96	0
0	6017	manual-validated		F:/workspace-server/create-retro-game-kr-patch-main/tmp/SLPS-01903/dialogue-workflow/masks/message-mask-6017.pgm			12	15	2	2	32	96	0
0	6018	manual-validated		F:/workspace-server/create-retro-game-kr-patch-main/tmp/SLPS-01903/dialogue-workflow/masks/message-mask-6018.pgm			12	15	2	2	32	96	0
0	6019	manual-validated		F:/workspace-server/create-retro-game-kr-patch-main/tmp/SLPS-01903/dialogue-workflow/masks/message-mask-6019.pgm			12	15	2	2	32	96	0
0	6020	manual-validated		F:/workspace-server/create-retro-game-kr-patch-main/tmp/SLPS-01903/dialogue-workflow/masks/message-mask-6020.pgm			12	15	2	2	32	96	0
0	6021	manual-validated		F:/workspace-server/create-retro-game-kr-patch-main/tmp/SLPS-01903/dialogue-workflow/masks/message-mask-6021.pgm			12	15	2	2	32	96	0
0	6022	manual-validated		F:/workspace-server/create-retro-game-kr-patch-main/tmp/SLPS-01903/dialogue-workflow/masks/message-mask-6022.pgm			12	15	2	2	32	96	0
0	6023	manual-validated		F:/workspace-server/create-retro-game-kr-patch-main/tmp/SLPS-01903/dialogue-workflow/masks/message-mask-6023.pgm			12	15	2	2	32	96	0
0	6024	manual-validated		F:/workspace-server/create-retro-game-kr-patch-main/tmp/SLPS-01903/dialogue-workflow/masks/message-mask-6024.pgm			12	15	2	2	32	96	0
0	6025	manual-validated		F:/workspace-server/create-retro-game-kr-patch-main/tmp/SLPS-01903/dialogue-workflow/masks/message-mask-6025.pgm			12	15	2	2	32	96	0
0	6026	manual-validated		F:/workspace-server/create-retro-game-kr-patch-main/tmp/SLPS-01903/dialogue-workflow/masks/message-mask-6026.pgm			12	15	2	2	32	96	0
0	6027	manual-validated		F:/workspace-server/create-retro-game-kr-patch-main/tmp/SLPS-01903/dialogue-workflow/masks/message-mask-6027.pgm			12	15	2	2	32	96	0
0	6028	manual-validated		F:/workspace-server/create-retro-game-kr-patch-main/tmp/SLPS-01903/dialogue-workflow/masks/message-mask-6028.pgm			12	15	2	2	32	96	0
0	6029	manual-validated		F:/workspace-server/create-retro-game-kr-patch-main/tmp/SLPS-01903/dialogue-workflow/masks/message-mask-6029.pgm			12	15	2	2	32	96	0
0	6030	manual-validated		F:/workspace-server/create-retro-game-kr-patch-main/tmp/SLPS-01903/dialogue-workflow/masks/message-mask-6030.pgm			12	15	2	2	32	96	0
0	6031	manual-validated		F:/workspace-server/create-retro-game-kr-patch-main/tmp/SLPS-01903/dialogue-workflow/masks/message-mask-6031.pgm			12	15	2	2	32	96	0
0	6032	manual-validated		F:/workspace-server/create-retro-game-kr-patch-main/tmp/SLPS-01903/dialogue-workflow/masks/message-mask-6032.pgm			12	15	2	2	32	96	0
0	6033	manual-validated		F:/workspace-server/create-retro-game-kr-patch-main/tmp/SLPS-01903/dialogue-workflow/masks/message-mask-6033.pgm			12	15	2	2	32	96	0
0	6034	manual-validated		F:/workspace-server/create-retro-game-kr-patch-main/tmp/SLPS-01903/dialogue-workflow/masks/message-mask-6034.pgm			12	15	2	2	32	96	0
0	6035	manual-validated		F:/workspace-server/create-retro-game-kr-patch-main/tmp/SLPS-01903/dialogue-workflow/masks/message-mask-6035.pgm			12	15	2	2	32	96	0
0	6036	manual-validated		F:/workspace-server/create-retro-game-kr-patch-main/tmp/SLPS-01903/dialogue-workflow/masks/message-mask-6036.pgm			12	15	2	2	32	96	0
0	6037	manual-validated		F:/workspace-server/create-retro-game-kr-patch-main/tmp/SLPS-01903/dialogue-workflow/masks/message-mask-6037.pgm			12	15	2	2	32	96	0
0	6038	manual-validated		F:/workspace-server/create-retro-game-kr-patch-main/tmp/SLPS-01903/dialogue-workflow/masks/message-mask-6038.pgm			12	15	2	2	32	96	0
0	6039	manual-validated		F:/workspace-server/create-retro-game-kr-patch-main/tmp/SLPS-01903/dialogue-workflow/masks/message-mask-6039.pgm			12	15	2	2	32	96	0
0	6040	manual-validated		F:/workspace-server/create-retro-game-kr-patch-main/tmp/SLPS-01903/dialogue-workflow/masks/message-mask-6040.pgm			12	15	2	2	32	96	0
0	6041	manual-validated		F:/workspace-server/create-retro-game-kr-patch-main/tmp/SLPS-01903/dialogue-workflow/masks/message-mask-6041.pgm			12	15	2	2	32	96	0
0	6042	manual-validated		F:/workspace-server/create-retro-game-kr-patch-main/tmp/SLPS-01903/dialogue-workflow/masks/message-mask-6042.pgm			12	15	2	2	32	96	0
0	6043	manual-validated		F:/workspace-server/create-retro-game-kr-patch-main/tmp/SLPS-01903/dialogue-workflow/masks/message-mask-6043.pgm			12	15	2	2	32	96	0
0	6044	manual-validated		F:/workspace-server/create-retro-game-kr-patch-main/tmp/SLPS-01903/dialogue-workflow/masks/message-mask-6044.pgm			12	15	2	2	32	96	0
0	6045	manual-validated		F:/workspace-server/create-retro-game-kr-patch-main/tmp/SLPS-01903/dialogue-workflow/masks/message-mask-6045.pgm			12	15	2	2	32	96	0
0	6046	manual-validated		F:/workspace-server/create-retro-game-kr-patch-main/tmp/SLPS-01903/dialogue-workflow/masks/message-mask-6046.pgm			12	15	2	2	32	96	0
0	6047	manual-validated		F:/workspace-server/create-retro-game-kr-patch-main/tmp/SLPS-01903/dialogue-workflow/masks/message-mask-6047.pgm			12	15	2	2	32	96	0
0	6048	manual-validated		F:/workspace-server/create-retro-game-kr-patch-main/tmp/SLPS-01903/dialogue-workflow/masks/message-mask-6048.pgm			12	15	2	2	32	96	0
0	6049	manual-validated		F:/workspace-server/create-retro-game-kr-patch-main/tmp/SLPS-01903/dialogue-workflow/masks/message-mask-6049.pgm			12	15	2	2	32	96	0
0	6050	manual-validated		F:/workspace-server/create-retro-game-kr-patch-main/tmp/SLPS-01903/dialogue-workflow/masks/message-mask-6050.pgm			12	15	2	2	32	96	0
0	6051	manual-validated		F:/workspace-server/create-retro-game-kr-patch-main/tmp/SLPS-01903/dialogue-workflow/masks/message-mask-6051.pgm			12	15	2	2	32	96	0
0	6052	manual-validated		F:/workspace-server/create-retro-game-kr-patch-main/tmp/SLPS-01903/dialogue-workflow/masks/message-mask-6052.pgm			12	15	2	2	32	96	0
0	6053	manual-validated		F:/workspace-server/create-retro-game-kr-patch-main/tmp/SLPS-01903/dialogue-workflow/masks/message-mask-6053.pgm			12	15	2	2	32	96	0
0	6054	manual-validated		F:/workspace-server/create-retro-game-kr-patch-main/tmp/SLPS-01903/dialogue-workflow/masks/message-mask-6054.pgm			12	15	2	2	32	96	0
0	6055	manual-validated		F:/workspace-server/create-retro-game-kr-patch-main/tmp/SLPS-01903/dialogue-workflow/masks/message-mask-6055.pgm			12	15	2	2	32	96	0
0	6056	manual-validated		F:/workspace-server/create-retro-game-kr-patch-main/tmp/SLPS-01903/dialogue-workflow/masks/message-mask-6056.pgm			12	15	2	2	32	96	0
0	6057	manual-validated		F:/workspace-server/create-retro-game-kr-patch-main/tmp/SLPS-01903/dialogue-workflow/masks/message-mask-6057.pgm			12	15	2	2	32	96	0
0	6058	manual-validated		F:/workspace-server/create-retro-game-kr-patch-main/tmp/SLPS-01903/dialogue-workflow/masks/message-mask-6058.pgm			12	15	2	2	32	96	0
0	6059	manual-validated		F:/workspace-server/create-retro-game-kr-patch-main/tmp/SLPS-01903/dialogue-workflow/masks/message-mask-6059.pgm			12	15	2	2	32	96	0
0	6060	manual-validated		F:/workspace-server/create-retro-game-kr-patch-main/tmp/SLPS-01903/dialogue-workflow/masks/message-mask-6060.pgm			12	15	2	2	32	96	0
0	6061	manual-validated		F:/workspace-server/create-retro-game-kr-patch-main/tmp/SLPS-01903/dialogue-workflow/masks/message-mask-6061.pgm			12	15	2	2	32	96	0
0	6062	manual-validated		F:/workspace-server/create-retro-game-kr-patch-main/tmp/SLPS-01903/dialogue-workflow/masks/message-mask-6062.pgm			12	15	2	2	32	96	0
0	6063	manual-validated		F:/workspace-server/create-retro-game-kr-patch-main/tmp/SLPS-01903/dialogue-workflow/masks/message-mask-6063.pgm			12	15	2	2	32	96	0
0	6064	manual-validated		F:/workspace-server/create-retro-game-kr-patch-main/tmp/SLPS-01903/dialogue-workflow/masks/message-mask-6064.pgm			12	15	2	2	32	96	0
0	6065	manual-validated		F:/workspace-server/create-retro-game-kr-patch-main/tmp/SLPS-01903/dialogue-workflow/masks/message-mask-6065.pgm			12	15	2	2	32	96	0
0	6066	manual-validated		F:/workspace-server/create-retro-game-kr-patch-main/tmp/SLPS-01903/dialogue-workflow/masks/message-mask-6066.pgm			12	15	2	2	32	96	0
0	6067	manual-validated		F:/workspace-server/create-retro-game-kr-patch-main/tmp/SLPS-01903/dialogue-workflow/masks/message-mask-6067.pgm			12	15	2	2	32	96	0
0	6068	manual-validated		F:/workspace-server/create-retro-game-kr-patch-main/tmp/SLPS-01903/dialogue-workflow/masks/message-mask-6068.pgm			12	15	2	2	32	96	0
0	6069	manual-validated		F:/workspace-server/create-retro-game-kr-patch-main/tmp/SLPS-01903/dialogue-workflow/masks/message-mask-6069.pgm			12	15	2	2	32	96	0
0	6070	manual-validated		F:/workspace-server/create-retro-game-kr-patch-main/tmp/SLPS-01903/dialogue-workflow/masks/message-mask-6070.pgm			12	15	2	2	32	96	0
0	6071	manual-validated		F:/workspace-server/create-retro-game-kr-patch-main/tmp/SLPS-01903/dialogue-workflow/masks/message-mask-6071.pgm			12	15	2	2	32	96	0
0	6072	manual-validated		F:/workspace-server/create-retro-game-kr-patch-main/tmp/SLPS-01903/dialogue-workflow/masks/message-mask-6072.pgm			12	15	2	2	32	96	0
0	6073	manual-validated		F:/workspace-server/create-retro-game-kr-patch-main/tmp/SLPS-01903/dialogue-workflow/masks/message-mask-6073.pgm			12	15	2	2	32	96	0
0	6074	manual-validated		F:/workspace-server/create-retro-game-kr-patch-main/tmp/SLPS-01903/dialogue-workflow/masks/message-mask-6074.pgm			12	15	2	2	32	96	0
0	6075	manual-validated		F:/workspace-server/create-retro-game-kr-patch-main/tmp/SLPS-01903/dialogue-workflow/masks/message-mask-6075.pgm			12	15	2	2	32	96	0
0	6076	manual-validated		F:/workspace-server/create-retro-game-kr-patch-main/tmp/SLPS-01903/dialogue-workflow/masks/message-mask-6076.pgm			12	15	2	2	32	96	0
0	6077	manual-validated		F:/workspace-server/create-retro-game-kr-patch-main/tmp/SLPS-01903/dialogue-workflow/masks/message-mask-6077.pgm			12	15	2	2	32	96	0
0	6078	manual-validated		F:/workspace-server/create-retro-game-kr-patch-main/tmp/SLPS-01903/dialogue-workflow/masks/message-mask-6078.pgm			12	15	2	2	32	96	0
0	6079	manual-validated		F:/workspace-server/create-retro-game-kr-patch-main/tmp/SLPS-01903/dialogue-workflow/masks/message-mask-6079.pgm			12	15	2	2	32	96	0
0	6080	manual-validated		F:/workspace-server/create-retro-game-kr-patch-main/tmp/SLPS-01903/dialogue-workflow/masks/message-mask-6080.pgm			12	15	2	2	32	96	0
0	6081	manual-validated		F:/workspace-server/create-retro-game-kr-patch-main/tmp/SLPS-01903/dialogue-workflow/masks/message-mask-6081.pgm			12	15	2	2	32	96	0
0	6082	manual-validated		F:/workspace-server/create-retro-game-kr-patch-main/tmp/SLPS-01903/dialogue-workflow/masks/message-mask-6082.pgm			12	15	2	2	32	96	0
0	6083	manual-validated		F:/workspace-server/create-retro-game-kr-patch-main/tmp/SLPS-01903/dialogue-workflow/masks/message-mask-6083.pgm			12	15	2	2	32	96	0
0	6084	manual-validated		F:/workspace-server/create-retro-game-kr-patch-main/tmp/SLPS-01903/dialogue-workflow/masks/message-mask-6084.pgm			12	15	2	2	32	96	0
0	6085	manual-validated		F:/workspace-server/create-retro-game-kr-patch-main/tmp/SLPS-01903/dialogue-workflow/masks/message-mask-6085.pgm			12	15	2	2	32	96	0
0	6086	manual-validated		F:/workspace-server/create-retro-game-kr-patch-main/tmp/SLPS-01903/dialogue-workflow/masks/message-mask-6086.pgm			12	15	2	2	32	96	0
0	6087	manual-validated		F:/workspace-server/create-retro-game-kr-patch-main/tmp/SLPS-01903/dialogue-workflow/masks/message-mask-6087.pgm			12	15	2	2	32	96	0
0	6088	manual-validated		F:/workspace-server/create-retro-game-kr-patch-main/tmp/SLPS-01903/dialogue-workflow/masks/message-mask-6088.pgm			12	15	2	2	32	96	0
0	6089	manual-validated		F:/workspace-server/create-retro-game-kr-patch-main/tmp/SLPS-01903/dialogue-workflow/masks/message-mask-6089.pgm			12	15	2	2	32	96	0
0	6090	manual-validated		F:/workspace-server/create-retro-game-kr-patch-main/tmp/SLPS-01903/dialogue-workflow/masks/message-mask-6090.pgm			12	15	2	2	32	96	0
0	6091	manual-validated		F:/workspace-server/create-retro-game-kr-patch-main/tmp/SLPS-01903/dialogue-workflow/masks/message-mask-6091.pgm			12	15	2	2	32	96	0
0	6092	manual-validated		F:/workspace-server/create-retro-game-kr-patch-main/tmp/SLPS-01903/dialogue-workflow/masks/message-mask-6092.pgm			12	15	2	2	32	96	0
0	6093	manual-validated		F:/workspace-server/create-retro-game-kr-patch-main/tmp/SLPS-01903/dialogue-workflow/masks/message-mask-6093.pgm			12	15	2	2	32	96	0
0	6094	manual-validated		F:/workspace-server/create-retro-game-kr-patch-main/tmp/SLPS-01903/dialogue-workflow/masks/message-mask-6094.pgm			12	15	2	2	32	96	0
0	6095	manual-validated		F:/workspace-server/create-retro-game-kr-patch-main/tmp/SLPS-01903/dialogue-workflow/masks/message-mask-6095.pgm			12	15	2	2	32	96	0
0	6096	manual-validated		F:/workspace-server/create-retro-game-kr-patch-main/tmp/SLPS-01903/dialogue-workflow/masks/message-mask-6096.pgm			12	15	2	2	32	96	0
0	6097	manual-validated		F:/workspace-server/create-retro-game-kr-patch-main/tmp/SLPS-01903/dialogue-workflow/masks/message-mask-6097.pgm			12	15	2	2	32	96	0
0	6098	manual-validated		F:/workspace-server/create-retro-game-kr-patch-main/tmp/SLPS-01903/dialogue-workflow/masks/message-mask-6098.pgm			12	15	2	2	32	96	0
0	6099	manual-validated		F:/workspace-server/create-retro-game-kr-patch-main/tmp/SLPS-01903/dialogue-workflow/masks/message-mask-6099.pgm			12	15	2	2	32	96	0
0	6100	manual-validated		F:/workspace-server/create-retro-game-kr-patch-main/tmp/SLPS-01903/dialogue-workflow/masks/message-mask-6100.pgm			12	15	2	2	32	96	0
0	6101	manual-validated		F:/workspace-server/create-retro-game-kr-patch-main/tmp/SLPS-01903/dialogue-workflow/masks/message-mask-6101.pgm			12	15	2	2	32	96	0
0	6102	manual-validated		F:/workspace-server/create-retro-game-kr-patch-main/tmp/SLPS-01903/dialogue-workflow/masks/message-mask-6102.pgm			12	15	2	2	32	96	0
0	6103	manual-validated		F:/workspace-server/create-retro-game-kr-patch-main/tmp/SLPS-01903/dialogue-workflow/masks/message-mask-6103.pgm			12	15	2	2	32	96	0
0	6104	manual-validated		F:/workspace-server/create-retro-game-kr-patch-main/tmp/SLPS-01903/dialogue-workflow/masks/message-mask-6104.pgm			12	15	2	2	32	96	0
0	6105	manual-validated		F:/workspace-server/create-retro-game-kr-patch-main/tmp/SLPS-01903/dialogue-workflow/masks/message-mask-6105.pgm			12	15	2	2	32	96	0
0	6106	manual-validated		F:/workspace-server/create-retro-game-kr-patch-main/tmp/SLPS-01903/dialogue-workflow/masks/message-mask-6106.pgm			12	15	2	2	32	96	0
0	6107	manual-validated		F:/workspace-server/create-retro-game-kr-patch-main/tmp/SLPS-01903/dialogue-workflow/masks/message-mask-6107.pgm			12	15	2	2	32	96	0
0	6108	manual-validated		F:/workspace-server/create-retro-game-kr-patch-main/tmp/SLPS-01903/dialogue-workflow/masks/message-mask-6108.pgm			12	15	2	2	32	96	0
0	6109	manual-validated		F:/workspace-server/create-retro-game-kr-patch-main/tmp/SLPS-01903/dialogue-workflow/masks/message-mask-6109.pgm			12	15	2	2	32	96	0
0	6110	manual-validated		F:/workspace-server/create-retro-game-kr-patch-main/tmp/SLPS-01903/dialogue-workflow/masks/message-mask-6110.pgm			12	15	2	2	32	96	0
0	6111	manual-validated		F:/workspace-server/create-retro-game-kr-patch-main/tmp/SLPS-01903/dialogue-workflow/masks/message-mask-6111.pgm			12	15	2	2	32	96	0
0	6112	manual-validated		F:/workspace-server/create-retro-game-kr-patch-main/tmp/SLPS-01903/dialogue-workflow/masks/message-mask-6112.pgm			12	15	2	2	32	96	0
0	6113	manual-validated		F:/workspace-server/create-retro-game-kr-patch-main/tmp/SLPS-01903/dialogue-workflow/masks/message-mask-6113.pgm			12	15	2	2	32	96	0
0	6114	manual-validated		F:/workspace-server/create-retro-game-kr-patch-main/tmp/SLPS-01903/dialogue-workflow/masks/message-mask-6114.pgm			12	15	2	2	32	96	0
0	6115	manual-validated		F:/workspace-server/create-retro-game-kr-patch-main/tmp/SLPS-01903/dialogue-workflow/masks/message-mask-6115.pgm			12	15	2	2	32	96	0
0	6116	manual-validated		F:/workspace-server/create-retro-game-kr-patch-main/tmp/SLPS-01903/dialogue-workflow/masks/message-mask-6116.pgm			12	15	2	2	32	96	0
0	6117	manual-validated		F:/workspace-server/create-retro-game-kr-patch-main/tmp/SLPS-01903/dialogue-workflow/masks/message-mask-6117.pgm			12	15	2	2	32	96	0
0	6118	manual-validated		F:/workspace-server/create-retro-game-kr-patch-main/tmp/SLPS-01903/dialogue-workflow/masks/message-mask-6118.pgm			12	15	2	2	32	96	0
0	6119	manual-validated		F:/workspace-server/create-retro-game-kr-patch-main/tmp/SLPS-01903/dialogue-workflow/masks/message-mask-6119.pgm			12	15	2	2	32	96	0
0	6120	manual-validated		F:/workspace-server/create-retro-game-kr-patch-main/tmp/SLPS-01903/dialogue-workflow/masks/message-mask-6120.pgm			12	15	2	2	32	96	0
0	6121	manual-validated		F:/workspace-server/create-retro-game-kr-patch-main/tmp/SLPS-01903/dialogue-workflow/masks/message-mask-6121.pgm			12	15	2	2	32	96	0
0	6122	manual-validated		F:/workspace-server/create-retro-game-kr-patch-main/tmp/SLPS-01903/dialogue-workflow/masks/message-mask-6122.pgm			12	15	2	2	32	96	0
0	6123	manual-validated		F:/workspace-server/create-retro-game-kr-patch-main/tmp/SLPS-01903/dialogue-workflow/masks/message-mask-6123.pgm			12	15	2	2	32	96	0
0	6124	manual-validated		F:/workspace-server/create-retro-game-kr-patch-main/tmp/SLPS-01903/dialogue-workflow/masks/message-mask-6124.pgm			12	15	2	2	32	96	0
0	6125	manual-validated		F:/workspace-server/create-retro-game-kr-patch-main/tmp/SLPS-01903/dialogue-workflow/masks/message-mask-6125.pgm			12	15	2	2	32	96	0
0	6126	manual-validated		F:/workspace-server/create-retro-game-kr-patch-main/tmp/SLPS-01903/dialogue-workflow/masks/message-mask-6126.pgm			12	15	2	2	32	96	0
0	6127	manual-validated		F:/workspace-server/create-retro-game-kr-patch-main/tmp/SLPS-01903/dialogue-workflow/masks/message-mask-6127.pgm			12	15	2	2	32	96	0
0	6128	manual-validated		F:/workspace-server/create-retro-game-kr-patch-main/tmp/SLPS-01903/dialogue-workflow/masks/message-mask-6128.pgm			12	15	2	2	32	96	0
0	6129	manual-validated		F:/workspace-server/create-retro-game-kr-patch-main/tmp/SLPS-01903/dialogue-workflow/masks/message-mask-6129.pgm			12	15	2	2	32	96	0
0	6130	manual-validated		F:/workspace-server/create-retro-game-kr-patch-main/tmp/SLPS-01903/dialogue-workflow/masks/message-mask-6130.pgm			12	15	2	2	32	96	0
0	6131	manual-validated		F:/workspace-server/create-retro-game-kr-patch-main/tmp/SLPS-01903/dialogue-workflow/masks/message-mask-6131.pgm			12	15	2	2	32	96	0
0	6132	manual-validated		F:/workspace-server/create-retro-game-kr-patch-main/tmp/SLPS-01903/dialogue-workflow/masks/message-mask-6132.pgm			12	15	2	2	32	96	0
0	6133	manual-validated		F:/workspace-server/create-retro-game-kr-patch-main/tmp/SLPS-01903/dialogue-workflow/masks/message-mask-6133.pgm			12	15	2	2	32	96	0
0	6134	manual-validated		F:/workspace-server/create-retro-game-kr-patch-main/tmp/SLPS-01903/dialogue-workflow/masks/message-mask-6134.pgm			12	15	2	2	32	96	0
0	6135	manual-validated		F:/workspace-server/create-retro-game-kr-patch-main/tmp/SLPS-01903/dialogue-workflow/masks/message-mask-6135.pgm			12	15	2	2	32	96	0
0	6136	manual-validated		F:/workspace-server/create-retro-game-kr-patch-main/tmp/SLPS-01903/dialogue-workflow/masks/message-mask-6136.pgm			12	15	2	2	32	96	0
0	6137	manual-validated		F:/workspace-server/create-retro-game-kr-patch-main/tmp/SLPS-01903/dialogue-workflow/masks/message-mask-6137.pgm			12	15	2	2	32	96	0
0	6138	manual-validated		F:/workspace-server/create-retro-game-kr-patch-main/tmp/SLPS-01903/dialogue-workflow/masks/message-mask-6138.pgm			12	15	2	2	32	96	0
0	6139	manual-validated		F:/workspace-server/create-retro-game-kr-patch-main/tmp/SLPS-01903/dialogue-workflow/masks/message-mask-6139.pgm			12	15	2	2	32	96	0
0	6140	manual-validated		F:/workspace-server/create-retro-game-kr-patch-main/tmp/SLPS-01903/dialogue-workflow/masks/message-mask-6140.pgm			12	15	2	2	32	96	0
0	6141	manual-validated		F:/workspace-server/create-retro-game-kr-patch-main/tmp/SLPS-01903/dialogue-workflow/masks/message-mask-6141.pgm			12	15	2	2	32	96	0
0	6142	manual-validated		F:/workspace-server/create-retro-game-kr-patch-main/tmp/SLPS-01903/dialogue-workflow/masks/message-mask-6142.pgm			12	15	2	2	32	96	0
0	6143	manual-validated		F:/workspace-server/create-retro-game-kr-patch-main/tmp/SLPS-01903/dialogue-workflow/masks/message-mask-6143.pgm			12	15	2	2	32	96	0
0	6144	manual-validated		F:/workspace-server/create-retro-game-kr-patch-main/tmp/SLPS-01903/dialogue-workflow/masks/message-mask-6144.pgm			12	15	2	2	32	96	0
0	6145	manual-validated		F:/workspace-server/create-retro-game-kr-patch-main/tmp/SLPS-01903/dialogue-workflow/masks/message-mask-6145.pgm			12	15	2	2	32	96	0
0	6146	manual-validated		F:/workspace-server/create-retro-game-kr-patch-main/tmp/SLPS-01903/dialogue-workflow/masks/message-mask-6146.pgm			12	15	2	2	32	96	0
0	6147	manual-validated		F:/workspace-server/create-retro-game-kr-patch-main/tmp/SLPS-01903/dialogue-workflow/masks/message-mask-6147.pgm			12	15	2	2	32	96	0
0	6148	manual-validated		F:/workspace-server/create-retro-game-kr-patch-main/tmp/SLPS-01903/dialogue-workflow/masks/message-mask-6148.pgm			12	15	2	2	32	96	0
0	6149	manual-validated		F:/workspace-server/create-retro-game-kr-patch-main/tmp/SLPS-01903/dialogue-workflow/masks/message-mask-6149.pgm			12	15	2	2	32	96	0
0	6150	manual-validated		F:/workspace-server/create-retro-game-kr-patch-main/tmp/SLPS-01903/dialogue-workflow/masks/message-mask-6150.pgm			12	15	2	2	32	96	0
0	6151	manual-validated		F:/workspace-server/create-retro-game-kr-patch-main/tmp/SLPS-01903/dialogue-workflow/masks/message-mask-6151.pgm			12	15	2	2	32	96	0
0	6152	manual-validated		F:/workspace-server/create-retro-game-kr-patch-main/tmp/SLPS-01903/dialogue-workflow/masks/message-mask-6152.pgm			12	15	2	2	32	96	0
0	6153	manual-validated		F:/workspace-server/create-retro-game-kr-patch-main/tmp/SLPS-01903/dialogue-workflow/masks/message-mask-6153.pgm			12	15	2	2	32	96	0
0	6154	manual-validated		F:/workspace-server/create-retro-game-kr-patch-main/tmp/SLPS-01903/dialogue-workflow/masks/message-mask-6154.pgm			12	15	2	2	32	96	0
0	6155	manual-validated		F:/workspace-server/create-retro-game-kr-patch-main/tmp/SLPS-01903/dialogue-workflow/masks/message-mask-6155.pgm			12	15	2	2	32	96	0
0	7001	manual-validated		F:/workspace-server/create-retro-game-kr-patch-main/tmp/SLPS-01903/dialogue-workflow/masks/message-mask-7001.pgm			12	15	2	2	32	96	0
0	7002	script-scan+manual	316:2:0x2ca	F:/workspace-server/create-retro-game-kr-patch-main/tmp/SLPS-01903/dialogue-workflow/masks/message-mask-7002.pgm			12	15	2	2	32	96	0
0	7003	script-scan+manual	316:3:0x2fc	F:/workspace-server/create-retro-game-kr-patch-main/tmp/SLPS-01903/dialogue-workflow/masks/message-mask-7003.pgm			12	15	2	2	32	96	0
0	7004	script-scan+manual	316:4:0x45f	F:/workspace-server/create-retro-game-kr-patch-main/tmp/SLPS-01903/dialogue-workflow/masks/message-mask-7004.pgm			12	15	2	2	32	96	0
0	7005	manual-validated		F:/workspace-server/create-retro-game-kr-patch-main/tmp/SLPS-01903/dialogue-workflow/masks/message-mask-7005.pgm			12	15	2	2	32	96	0
0	7006	manual-validated		F:/workspace-server/create-retro-game-kr-patch-main/tmp/SLPS-01903/dialogue-workflow/masks/message-mask-7006.pgm			12	15	2	2	32	96	0
0	7007	manual-validated		F:/workspace-server/create-retro-game-kr-patch-main/tmp/SLPS-01903/dialogue-workflow/masks/message-mask-7007.pgm			12	15	2	2	32	96	0
0	7008	manual-validated		F:/workspace-server/create-retro-game-kr-patch-main/tmp/SLPS-01903/dialogue-workflow/masks/message-mask-7008.pgm			12	15	2	2	32	96	0
0	7009	manual-validated		F:/workspace-server/create-retro-game-kr-patch-main/tmp/SLPS-01903/dialogue-workflow/masks/message-mask-7009.pgm			12	15	2	2	32	96	0
0	7010	manual-validated		F:/workspace-server/create-retro-game-kr-patch-main/tmp/SLPS-01903/dialogue-workflow/masks/message-mask-7010.pgm			12	15	2	2	32	96	0
0	7011	manual-validated		F:/workspace-server/create-retro-game-kr-patch-main/tmp/SLPS-01903/dialogue-workflow/masks/message-mask-7011.pgm			12	15	2	2	32	96	0
0	7012	manual-validated		F:/workspace-server/create-retro-game-kr-patch-main/tmp/SLPS-01903/dialogue-workflow/masks/message-mask-7012.pgm			12	15	2	2	32	96	0
0	7013	manual-validated		F:/workspace-server/create-retro-game-kr-patch-main/tmp/SLPS-01903/dialogue-workflow/masks/message-mask-7013.pgm			12	15	2	2	32	96	0
0	7014	manual-validated		F:/workspace-server/create-retro-game-kr-patch-main/tmp/SLPS-01903/dialogue-workflow/masks/message-mask-7014.pgm			12	15	2	2	32	96	0
0	7015	manual-validated		F:/workspace-server/create-retro-game-kr-patch-main/tmp/SLPS-01903/dialogue-workflow/masks/message-mask-7015.pgm			12	15	2	2	32	96	0
0	7016	manual-validated		F:/workspace-server/create-retro-game-kr-patch-main/tmp/SLPS-01903/dialogue-workflow/masks/message-mask-7016.pgm			12	15	2	2	32	96	0
0	7017	manual-validated		F:/workspace-server/create-retro-game-kr-patch-main/tmp/SLPS-01903/dialogue-workflow/masks/message-mask-7017.pgm			12	15	2	2	32	96	0
0	7018	manual-validated		F:/workspace-server/create-retro-game-kr-patch-main/tmp/SLPS-01903/dialogue-workflow/masks/message-mask-7018.pgm			12	15	2	2	32	96	0
0	7019	manual-validated		F:/workspace-server/create-retro-game-kr-patch-main/tmp/SLPS-01903/dialogue-workflow/masks/message-mask-7019.pgm			12	15	2	2	32	96	0
0	7020	manual-validated		F:/workspace-server/create-retro-game-kr-patch-main/tmp/SLPS-01903/dialogue-workflow/masks/message-mask-7020.pgm			12	15	2	2	32	96	0
0	7021	manual-validated		F:/workspace-server/create-retro-game-kr-patch-main/tmp/SLPS-01903/dialogue-workflow/masks/message-mask-7021.pgm			12	15	2	2	32	96	0
0	7022	manual-validated		F:/workspace-server/create-retro-game-kr-patch-main/tmp/SLPS-01903/dialogue-workflow/masks/message-mask-7022.pgm			12	15	2	2	32	96	0
0	7023	manual-validated		F:/workspace-server/create-retro-game-kr-patch-main/tmp/SLPS-01903/dialogue-workflow/masks/message-mask-7023.pgm			12	15	2	2	32	96	0
0	7024	manual-validated		F:/workspace-server/create-retro-game-kr-patch-main/tmp/SLPS-01903/dialogue-workflow/masks/message-mask-7024.pgm			12	15	2	2	32	96	0
0	7025	manual-validated		F:/workspace-server/create-retro-game-kr-patch-main/tmp/SLPS-01903/dialogue-workflow/masks/message-mask-7025.pgm			12	15	2	2	32	96	0
0	7026	manual-validated		F:/workspace-server/create-retro-game-kr-patch-main/tmp/SLPS-01903/dialogue-workflow/masks/message-mask-7026.pgm			12	15	2	2	32	96	0
0	7027	manual-validated		F:/workspace-server/create-retro-game-kr-patch-main/tmp/SLPS-01903/dialogue-workflow/masks/message-mask-7027.pgm			12	15	2	2	32	96	0
0	7028	manual-validated		F:/workspace-server/create-retro-game-kr-patch-main/tmp/SLPS-01903/dialogue-workflow/masks/message-mask-7028.pgm			12	15	2	2	32	96	0
0	7029	manual-validated		F:/workspace-server/create-retro-game-kr-patch-main/tmp/SLPS-01903/dialogue-workflow/masks/message-mask-7029.pgm			12	15	2	2	32	96	0
0	7030	manual-validated		F:/workspace-server/create-retro-game-kr-patch-main/tmp/SLPS-01903/dialogue-workflow/masks/message-mask-7030.pgm			12	15	2	2	32	96	0
0	7031	manual-validated		F:/workspace-server/create-retro-game-kr-patch-main/tmp/SLPS-01903/dialogue-workflow/masks/message-mask-7031.pgm			12	15	2	2	32	96	0
0	7032	manual-validated		F:/workspace-server/create-retro-game-kr-patch-main/tmp/SLPS-01903/dialogue-workflow/masks/message-mask-7032.pgm			12	15	2	2	32	96	0
0	7033	manual-validated		F:/workspace-server/create-retro-game-kr-patch-main/tmp/SLPS-01903/dialogue-workflow/masks/message-mask-7033.pgm			12	15	2	2	32	96	0
0	7034	manual-validated		F:/workspace-server/create-retro-game-kr-patch-main/tmp/SLPS-01903/dialogue-workflow/masks/message-mask-7034.pgm			12	15	2	2	32	96	0
0	7035	manual-validated		F:/workspace-server/create-retro-game-kr-patch-main/tmp/SLPS-01903/dialogue-workflow/masks/message-mask-7035.pgm			12	15	2	2	32	96	0
0	7036	manual-validated		F:/workspace-server/create-retro-game-kr-patch-main/tmp/SLPS-01903/dialogue-workflow/masks/message-mask-7036.pgm			12	15	2	2	32	96	0
0	7037	manual-validated		F:/workspace-server/create-retro-game-kr-patch-main/tmp/SLPS-01903/dialogue-workflow/masks/message-mask-7037.pgm			12	15	2	2	32	96	0
0	7038	manual-validated		F:/workspace-server/create-retro-game-kr-patch-main/tmp/SLPS-01903/dialogue-workflow/masks/message-mask-7038.pgm			12	15	2	2	32	96	0
0	7039	manual-validated		F:/workspace-server/create-retro-game-kr-patch-main/tmp/SLPS-01903/dialogue-workflow/masks/message-mask-7039.pgm			12	15	2	2	32	96	0
0	7040	manual-validated		F:/workspace-server/create-retro-game-kr-patch-main/tmp/SLPS-01903/dialogue-workflow/masks/message-mask-7040.pgm			12	15	2	2	32	96	0
0	7041	manual-validated		F:/workspace-server/create-retro-game-kr-patch-main/tmp/SLPS-01903/dialogue-workflow/masks/message-mask-7041.pgm			12	15	2	2	32	96	0
0	7042	manual-validated		F:/workspace-server/create-retro-game-kr-patch-main/tmp/SLPS-01903/dialogue-workflow/masks/message-mask-7042.pgm			12	15	2	2	32	96	0
0	7043	manual-validated		F:/workspace-server/create-retro-game-kr-patch-main/tmp/SLPS-01903/dialogue-workflow/masks/message-mask-7043.pgm			12	15	2	2	32	96	0
0	7044	manual-validated		F:/workspace-server/create-retro-game-kr-patch-main/tmp/SLPS-01903/dialogue-workflow/masks/message-mask-7044.pgm			12	15	2	2	32	96	0
0	7045	manual-validated		F:/workspace-server/create-retro-game-kr-patch-main/tmp/SLPS-01903/dialogue-workflow/masks/message-mask-7045.pgm			12	15	2	2	32	96	0
0	7046	manual-validated		F:/workspace-server/create-retro-game-kr-patch-main/tmp/SLPS-01903/dialogue-workflow/masks/message-mask-7046.pgm			12	15	2	2	32	96	0
0	7047	manual-validated		F:/workspace-server/create-retro-game-kr-patch-main/tmp/SLPS-01903/dialogue-workflow/masks/message-mask-7047.pgm			12	15	2	2	32	96	0
0	7048	manual-validated		F:/workspace-server/create-retro-game-kr-patch-main/tmp/SLPS-01903/dialogue-workflow/masks/message-mask-7048.pgm			12	15	2	2	32	96	0
0	7049	manual-validated		F:/workspace-server/create-retro-game-kr-patch-main/tmp/SLPS-01903/dialogue-workflow/masks/message-mask-7049.pgm			12	15	2	2	32	96	0
0	7050	manual-validated		F:/workspace-server/create-retro-game-kr-patch-main/tmp/SLPS-01903/dialogue-workflow/masks/message-mask-7050.pgm			12	15	2	2	32	96	0
0	7051	manual-validated		F:/workspace-server/create-retro-game-kr-patch-main/tmp/SLPS-01903/dialogue-workflow/masks/message-mask-7051.pgm			12	15	2	2	32	96	0
0	7052	manual-validated		F:/workspace-server/create-retro-game-kr-patch-main/tmp/SLPS-01903/dialogue-workflow/masks/message-mask-7052.pgm			12	15	2	2	32	96	0
0	7053	manual-validated		F:/workspace-server/create-retro-game-kr-patch-main/tmp/SLPS-01903/dialogue-workflow/masks/message-mask-7053.pgm			12	15	2	2	32	96	0
0	7054	manual-validated		F:/workspace-server/create-retro-game-kr-patch-main/tmp/SLPS-01903/dialogue-workflow/masks/message-mask-7054.pgm			12	15	2	2	32	96	0
0	7055	manual-validated		F:/workspace-server/create-retro-game-kr-patch-main/tmp/SLPS-01903/dialogue-workflow/masks/message-mask-7055.pgm			12	15	2	2	32	96	0
0	7056	manual-validated		F:/workspace-server/create-retro-game-kr-patch-main/tmp/SLPS-01903/dialogue-workflow/masks/message-mask-7056.pgm			12	15	2	2	32	96	0
0	7057	manual-validated		F:/workspace-server/create-retro-game-kr-patch-main/tmp/SLPS-01903/dialogue-workflow/masks/message-mask-7057.pgm			12	15	2	2	32	96	0
0	7058	manual-validated		F:/workspace-server/create-retro-game-kr-patch-main/tmp/SLPS-01903/dialogue-workflow/masks/message-mask-7058.pgm			12	15	2	2	32	96	0
0	7059	manual-validated		F:/workspace-server/create-retro-game-kr-patch-main/tmp/SLPS-01903/dialogue-workflow/masks/message-mask-7059.pgm			12	15	2	2	32	96	0
0	7060	manual-validated		F:/workspace-server/create-retro-game-kr-patch-main/tmp/SLPS-01903/dialogue-workflow/masks/message-mask-7060.pgm			12	15	2	2	32	96	0
0	7061	manual-validated		F:/workspace-server/create-retro-game-kr-patch-main/tmp/SLPS-01903/dialogue-workflow/masks/message-mask-7061.pgm			12	15	2	2	32	96	0
0	7062	manual-validated		F:/workspace-server/create-retro-game-kr-patch-main/tmp/SLPS-01903/dialogue-workflow/masks/message-mask-7062.pgm			12	15	2	2	32	96	0
0	7063	manual-validated		F:/workspace-server/create-retro-game-kr-patch-main/tmp/SLPS-01903/dialogue-workflow/masks/message-mask-7063.pgm			12	15	2	2	32	96	0
0	7064	manual-validated		F:/workspace-server/create-retro-game-kr-patch-main/tmp/SLPS-01903/dialogue-workflow/masks/message-mask-7064.pgm			12	15	2	2	32	96	0
0	7065	manual-validated		F:/workspace-server/create-retro-game-kr-patch-main/tmp/SLPS-01903/dialogue-workflow/masks/message-mask-7065.pgm			12	15	2	2	32	96	0
0	7066	manual-validated		F:/workspace-server/create-retro-game-kr-patch-main/tmp/SLPS-01903/dialogue-workflow/masks/message-mask-7066.pgm			12	15	2	2	32	96	0
0	7067	manual-validated		F:/workspace-server/create-retro-game-kr-patch-main/tmp/SLPS-01903/dialogue-workflow/masks/message-mask-7067.pgm			12	15	2	2	32	96	0
0	7068	manual-validated		F:/workspace-server/create-retro-game-kr-patch-main/tmp/SLPS-01903/dialogue-workflow/masks/message-mask-7068.pgm			12	15	2	2	32	96	0
0	7069	manual-validated		F:/workspace-server/create-retro-game-kr-patch-main/tmp/SLPS-01903/dialogue-workflow/masks/message-mask-7069.pgm			12	15	2	2	32	96	0
0	7070	manual-validated		F:/workspace-server/create-retro-game-kr-patch-main/tmp/SLPS-01903/dialogue-workflow/masks/message-mask-7070.pgm			12	15	2	2	32	96	0
0	7071	manual-validated		F:/workspace-server/create-retro-game-kr-patch-main/tmp/SLPS-01903/dialogue-workflow/masks/message-mask-7071.pgm			12	15	2	2	32	96	0
0	7072	manual-validated		F:/workspace-server/create-retro-game-kr-patch-main/tmp/SLPS-01903/dialogue-workflow/masks/message-mask-7072.pgm			12	15	2	2	32	96	0
0	7073	manual-validated		F:/workspace-server/create-retro-game-kr-patch-main/tmp/SLPS-01903/dialogue-workflow/masks/message-mask-7073.pgm			12	15	2	2	32	96	0
0	7074	manual-validated		F:/workspace-server/create-retro-game-kr-patch-main/tmp/SLPS-01903/dialogue-workflow/masks/message-mask-7074.pgm			12	15	2	2	32	96	0
0	7075	manual-validated		F:/workspace-server/create-retro-game-kr-patch-main/tmp/SLPS-01903/dialogue-workflow/masks/message-mask-7075.pgm			12	15	2	2	32	96	0
0	7076	manual-validated		F:/workspace-server/create-retro-game-kr-patch-main/tmp/SLPS-01903/dialogue-workflow/masks/message-mask-7076.pgm			12	15	2	2	32	96	0
0	7077	manual-validated		F:/workspace-server/create-retro-game-kr-patch-main/tmp/SLPS-01903/dialogue-workflow/masks/message-mask-7077.pgm			12	15	2	2	32	96	0
0	7078	manual-validated		F:/workspace-server/create-retro-game-kr-patch-main/tmp/SLPS-01903/dialogue-workflow/masks/message-mask-7078.pgm			12	15	2	2	32	96	0
0	7079	manual-validated		F:/workspace-server/create-retro-game-kr-patch-main/tmp/SLPS-01903/dialogue-workflow/masks/message-mask-7079.pgm			12	15	2	2	32	96	0
0	7080	manual-validated		F:/workspace-server/create-retro-game-kr-patch-main/tmp/SLPS-01903/dialogue-workflow/masks/message-mask-7080.pgm			12	15	2	2	32	96	0
0	7081	manual-validated		F:/workspace-server/create-retro-game-kr-patch-main/tmp/SLPS-01903/dialogue-workflow/masks/message-mask-7081.pgm			12	15	2	2	32	96	0
0	7082	manual-validated		F:/workspace-server/create-retro-game-kr-patch-main/tmp/SLPS-01903/dialogue-workflow/masks/message-mask-7082.pgm			12	15	2	2	32	96	0
0	7083	manual-validated		F:/workspace-server/create-retro-game-kr-patch-main/tmp/SLPS-01903/dialogue-workflow/masks/message-mask-7083.pgm			12	15	2	2	32	96	0
0	7084	manual-validated		F:/workspace-server/create-retro-game-kr-patch-main/tmp/SLPS-01903/dialogue-workflow/masks/message-mask-7084.pgm			12	15	2	2	32	96	0
0	7085	manual-validated		F:/workspace-server/create-retro-game-kr-patch-main/tmp/SLPS-01903/dialogue-workflow/masks/message-mask-7085.pgm			12	15	2	2	32	96	0
0	7086	manual-validated		F:/workspace-server/create-retro-game-kr-patch-main/tmp/SLPS-01903/dialogue-workflow/masks/message-mask-7086.pgm			12	15	2	2	32	96	0
0	7087	manual-validated		F:/workspace-server/create-retro-game-kr-patch-main/tmp/SLPS-01903/dialogue-workflow/masks/message-mask-7087.pgm			12	15	2	2	32	96	0
0	7088	manual-validated		F:/workspace-server/create-retro-game-kr-patch-main/tmp/SLPS-01903/dialogue-workflow/masks/message-mask-7088.pgm			12	15	2	2	32	96	0
0	7089	manual-validated		F:/workspace-server/create-retro-game-kr-patch-main/tmp/SLPS-01903/dialogue-workflow/masks/message-mask-7089.pgm			12	15	2	2	32	96	0
0	7090	manual-validated		F:/workspace-server/create-retro-game-kr-patch-main/tmp/SLPS-01903/dialogue-workflow/masks/message-mask-7090.pgm			12	15	2	2	32	96	0
0	7091	manual-validated		F:/workspace-server/create-retro-game-kr-patch-main/tmp/SLPS-01903/dialogue-workflow/masks/message-mask-7091.pgm			12	15	2	2	32	96	0
0	7092	manual-validated		F:/workspace-server/create-retro-game-kr-patch-main/tmp/SLPS-01903/dialogue-workflow/masks/message-mask-7092.pgm			12	15	2	2	32	96	0
0	7093	manual-validated		F:/workspace-server/create-retro-game-kr-patch-main/tmp/SLPS-01903/dialogue-workflow/masks/message-mask-7093.pgm			12	15	2	2	32	96	0
0	7094	manual-validated		F:/workspace-server/create-retro-game-kr-patch-main/tmp/SLPS-01903/dialogue-workflow/masks/message-mask-7094.pgm			12	15	2	2	32	96	0
0	7095	manual-validated		F:/workspace-server/create-retro-game-kr-patch-main/tmp/SLPS-01903/dialogue-workflow/masks/message-mask-7095.pgm			12	15	2	2	32	96	0
0	7096	manual-validated		F:/workspace-server/create-retro-game-kr-patch-main/tmp/SLPS-01903/dialogue-workflow/masks/message-mask-7096.pgm			12	15	2	2	32	96	0
0	7097	manual-validated		F:/workspace-server/create-retro-game-kr-patch-main/tmp/SLPS-01903/dialogue-workflow/masks/message-mask-7097.pgm			12	15	2	2	32	96	0
0	7098	manual-validated		F:/workspace-server/create-retro-game-kr-patch-main/tmp/SLPS-01903/dialogue-workflow/masks/message-mask-7098.pgm			12	15	2	2	32	96	0
0	7099	manual-validated		F:/workspace-server/create-retro-game-kr-patch-main/tmp/SLPS-01903/dialogue-workflow/masks/message-mask-7099.pgm			12	15	2	2	32	96	0
0	7100	manual-validated		F:/workspace-server/create-retro-game-kr-patch-main/tmp/SLPS-01903/dialogue-workflow/masks/message-mask-7100.pgm			12	15	2	2	32	96	0
0	7101	manual-validated		F:/workspace-server/create-retro-game-kr-patch-main/tmp/SLPS-01903/dialogue-workflow/masks/message-mask-7101.pgm			12	15	2	2	32	96	0
0	7102	manual-validated		F:/workspace-server/create-retro-game-kr-patch-main/tmp/SLPS-01903/dialogue-workflow/masks/message-mask-7102.pgm			12	15	2	2	32	96	0
0	7103	manual-validated		F:/workspace-server/create-retro-game-kr-patch-main/tmp/SLPS-01903/dialogue-workflow/masks/message-mask-7103.pgm			12	15	2	2	32	96	0
0	7104	manual-validated		F:/workspace-server/create-retro-game-kr-patch-main/tmp/SLPS-01903/dialogue-workflow/masks/message-mask-7104.pgm			12	15	2	2	32	96	0
0	7105	manual-validated		F:/workspace-server/create-retro-game-kr-patch-main/tmp/SLPS-01903/dialogue-workflow/masks/message-mask-7105.pgm			12	15	2	2	32	96	0
0	7106	manual-validated		F:/workspace-server/create-retro-game-kr-patch-main/tmp/SLPS-01903/dialogue-workflow/masks/message-mask-7106.pgm			12	15	2	2	32	96	0
0	7107	manual-validated		F:/workspace-server/create-retro-game-kr-patch-main/tmp/SLPS-01903/dialogue-workflow/masks/message-mask-7107.pgm			12	15	2	2	32	96	0
0	7108	manual-validated		F:/workspace-server/create-retro-game-kr-patch-main/tmp/SLPS-01903/dialogue-workflow/masks/message-mask-7108.pgm			12	15	2	2	32	96	0
0	7109	manual-validated		F:/workspace-server/create-retro-game-kr-patch-main/tmp/SLPS-01903/dialogue-workflow/masks/message-mask-7109.pgm			12	15	2	2	32	96	0
0	7110	manual-validated		F:/workspace-server/create-retro-game-kr-patch-main/tmp/SLPS-01903/dialogue-workflow/masks/message-mask-7110.pgm			12	15	2	2	32	96	0
0	7111	manual-validated		F:/workspace-server/create-retro-game-kr-patch-main/tmp/SLPS-01903/dialogue-workflow/masks/message-mask-7111.pgm			12	15	2	2	32	96	0
0	7112	manual-validated		F:/workspace-server/create-retro-game-kr-patch-main/tmp/SLPS-01903/dialogue-workflow/masks/message-mask-7112.pgm			12	15	2	2	32	96	0
0	7113	manual-validated		F:/workspace-server/create-retro-game-kr-patch-main/tmp/SLPS-01903/dialogue-workflow/masks/message-mask-7113.pgm			12	15	2	2	32	96	0
0	7114	manual-validated		F:/workspace-server/create-retro-game-kr-patch-main/tmp/SLPS-01903/dialogue-workflow/masks/message-mask-7114.pgm			12	15	2	2	32	96	0
0	7115	manual-validated		F:/workspace-server/create-retro-game-kr-patch-main/tmp/SLPS-01903/dialogue-workflow/masks/message-mask-7115.pgm			12	15	2	2	32	96	0
0	7116	manual-validated		F:/workspace-server/create-retro-game-kr-patch-main/tmp/SLPS-01903/dialogue-workflow/masks/message-mask-7116.pgm			12	15	2	2	32	96	0
0	7117	manual-validated		F:/workspace-server/create-retro-game-kr-patch-main/tmp/SLPS-01903/dialogue-workflow/masks/message-mask-7117.pgm			12	15	2	2	32	96	0
0	8001	manual-validated		F:/workspace-server/create-retro-game-kr-patch-main/tmp/SLPS-01903/dialogue-workflow/masks/message-mask-8001.pgm			16	15	1	2	32	96	0
0	9001	manual-validated		F:/workspace-server/create-retro-game-kr-patch-main/tmp/SLPS-01903/dialogue-workflow/masks/message-mask-9001.pgm			16	15	1	2	32	96	0
